cust_ucv_id,cust_src_sys_id,parent_chnl,cust_ucv_id_cashi,trans_dt,trans_year,month_year,banner_desc,sale_chnl_desc,banner_chnl,cust_cfn,flag_cashi,flag_dcp,num_trans,num_ordrs,net_base_price_amt,base_price_amt,item_qty,banner_chnl_cd
-1000000137958623674,42579750,BRICK,,2025-05-31,2025,5,WM SUPERCENTER,BRICK,WM SUPERCENTER BRICK,W CUST_ID,0,1,2,2,1289.83,0,4.00,W2
-1000000137958623674,42579750,BRICK,,2025-06-30,2025,6,WM SUPERCENTER,BRICK,WM SUPERCENTER BRICK,W CUST_ID,0,1,5,5,1148.021,0,30.19,W2
-1000000137958623674,42579750,BRICK,,2025-02-28,2025,2,MI BODEGA,BRICK,MI BODEGA BRICK,W CUST_ID,0,1,1,1,74.08,0,3.00,B3
-1000000137958623674,42579750,BRICK,,2025-05-31,2025,5,BODEGA,BRICK,BODEGA BRICK,W CUST_ID,0,1,1,1,591.81,0,21.00,B3
-1000000137958623674,42579750,BRICK,,2025-07-31,2025,7,WM SUPERCENTER,BRICK,WM SUPERCENTER BRICK,W CUST_ID,0,1,5,4,2046.17,0,30.26,W2
-1000000488748896826,51342898,BRICK,,2025-05-31,2025,5,BODEGA,BRICK,BODEGA BRICK,W CUST_ID,0,1,3,3,425.71,0,8.00,B3
-1000000488748896826,51342898,BRICK,,2025-01-31,2025,1,BODEGA,BRICK,BODEGA BRICK,W CUST_ID,0,1,1,1,59.26,0,1.00,B3
-1000000488748896826,51342898,BRICK,,2024-12-31,2024,12,BODEGA,BRICK,BODEGA BRICK,W CUST_ID,0,1,1,1,391.05,0,11.00,B3
-1000000488748896826,51342898,BRICK,,2025-03-31,2025,3,BODEGA,BRICK,BODEGA BRICK,W CUST_ID,0,1,1,1,16.67,0,2.00,B3
-1000000488748896826,51342898,BRICK,,2025-04-30,2025,4,BODEGA,BRICK,BODEGA BRICK,W CUST_ID,0,1,2,2,221.73,0,9.00,B3
-1000000550015430266,54389729,BRICK,,2025-01-31,2025,1,BODEGA AURRERA EXPRESS,BRICK,BODEGA AURRERA EXPRESS BRICK,W CUST_ID,0,1,1,1,154.274,0,9.46,B3
-1000000550015430266,54389729,BRICK,,2025-02-28,2025,2,BODEGA AURRERA EXPRESS,BRICK,BODEGA AURRERA EXPRESS BRICK,W CUST_ID,0,1,1,1,56.26,0,6.00,B3
-1000000832042418682,19867560,BRICK,,2025-06-30,2025,6,WM SUPERCENTER,BRICK,WM SUPERCENTER BRICK,W CUST_ID,0,1,1,1,2125.072,0,46.20,W2
-1000000832042418682,19867560,BRICK,,2025-04-30,2025,4,WM SUPERCENTER,BRICK,WM SUPERCENTER BRICK,W CUST_ID,0,1,1,1,1205.3,0,25.00,W2
-1000000832042418682,19867560,BRICK,,2024-08-31,2024,8,WM SUPERCENTER,BRICK,WM SUPERCENTER BRICK,W CUST_ID,0,1,1,1,3374.7935,0,47.38,W2
-1000000832042418682,19867560,BRICK,,2025-02-28,2025,2,WM SUPERCENTER,BRICK,WM SUPERCENTER BRICK,W CUST_ID,0,1,1,1,3626.025,0,69.44,W2
-1000000832042418682,19867560,BRICK,,2025-03-31,2025,3,WM SUPERCENTER,BRICK,WM SUPERCENTER BRICK,W CUST_ID,0,1,1,1,362.95,0,4.00,W2
-1000000832042418682,19867560,BRICK,,2025-07-31,2025,7,BODEGA AURRERA EXPRESS,BRICK,BODEGA AURRERA EXPRESS BRICK,W CUST_ID,0,1,1,1,842.8895,0,32.91,B3
-1000001237470251834,42579757,BRICK,,2024-11-30,2024,11,WM SUPERCENTER,BRICK,WM SUPERCENTER BRICK,W CUST_ID,0,1,1,1,1130.1115,0,40.26,W2
-1000001318961260607,352653463-22,BRICK,,2024-05-31,2024,5,SAM'S CLUB,BRICK,SAM'S CLUB BRICK,W CUST_ID,0,0,2,1,963.69,0,28.00,SAMS
-1000001318961260607,352653463-22,BRICK,,2023-08-31,2023,8,SAM'S CLUB,BRICK,SAM'S CLUB BRICK,W CUST_ID,0,0,3,1,774,0,43.00,SAMS
-1000001318961260607,352653463-22,BRICK,,2024-06-30,2024,6,SAM'S CLUB,BRICK,SAM'S CLUB BRICK,W CUST_ID,0,0,2,1,396,0,22.00,SAMS
-1000001318961260607,352653463-22,BRICK,,2023-05-31,2023,5,SAM'S CLUB,BRICK,SAM'S CLUB BRICK,W CUST_ID,0,0,10,1,3257.69,0,160.00,SAMS
-1000001318961260607,352653463-22,BRICK,,2023-01-31,2023,1,SAM'S CLUB,BRICK,SAM'S CLUB BRICK,W CUST_ID,0,0,11,1,2627.69,0,125.00,SAMS
-1000001318961260607,352653463-22,BRICK,,2023-02-28,2023,2,SAM'S CLUB,BRICK,SAM'S CLUB BRICK,W CUST_ID,0,0,9,1,2357.69,0,110.00,SAMS
-1000001318961260607,352653463-22,BRICK,,2023-07-31,2023,7,SAM'S CLUB,BRICK,SAM'S CLUB BRICK,W CUST_ID,0,0,5,1,1512,0,84.00,SAMS
-1000001318961260607,352653463-22,BRICK,,2023-03-31,2023,3,SAM'S CLUB,BRICK,SAM'S CLUB BRICK,W CUST_ID,0,0,11,1,2982.1,0,149.00,SAMS
-1000001318961260607,352653463-22,BRICK,,2023-06-30,2023,6,SAM'S CLUB,BRICK,SAM'S CLUB BRICK,W CUST_ID,0,0,6,1,1944,0,108.00,SAMS
-1000001318961260607,352653463-22,BRICK,,2023-09-30,2023,9,SAM'S CLUB,BRICK,SAM'S CLUB BRICK,W CUST_ID,0,0,9,1,2375.69,0,111.00,SAMS
-1000001318961260607,352653463-22,BRICK,,2024-01-31,2024,1,SAM'S CLUB,BRICK,SAM'S CLUB BRICK,W CUST_ID,0,0,9,1,2509.73,0,108.00,SAMS
-1000001318961260607,352653463-22,BRICK,,2024-03-31,2024,3,SAM'S CLUB,BRICK,SAM'S CLUB BRICK,W CUST_ID,0,0,2,1,540,0,30.00,SAMS
-1000001318961260607,352653463-22,BRICK,,2024-02-29,2024,2,SAM'S CLUB,BRICK,SAM'S CLUB BRICK,W CUST_ID,0,0,7,1,1890,0,105.00,SAMS
-1000001318961260607,352653463-22,BRICK,,2023-04-30,2023,4,SAM'S CLUB,BRICK,SAM'S CLUB BRICK,W CUST_ID,0,0,6,1,1871.69,0,83.00,SAMS
-1000001318961260607,352653463-22,BRICK,,2023-10-31,2023,10,SAM'S CLUB,BRICK,SAM'S CLUB BRICK,W CUST_ID,0,0,9,1,2727,0,118.00,SAMS
-1000001318961260607,352653463-22,BRICK,,2024-04-30,2024,4,SAM'S CLUB,BRICK,SAM'S CLUB BRICK,W CUST_ID,0,0,1,1,270,0,15.00,SAMS
-1000001318961260607,352653463-22,BRICK,,2023-11-30,2023,11,SAM'S CLUB,BRICK,SAM'S CLUB BRICK,W CUST_ID,0,0,7,1,2016,0,112.00,SAMS
-1000001318961260607,352653463-22,BRICK,,2023-12-31,2023,12,SAM'S CLUB,BRICK,SAM'S CLUB BRICK,W CUST_ID,0,0,3,1,810,0,45.00,SAMS
-1000001380931001980,29739868,BRICK,,2025-07-31,2025,7,BODEGA AURRERA EXPRESS,BRICK,BODEGA AURRERA EXPRESS BRICK,W CUST_ID,0,1,1,1,252.24,0,19.00,B3
-1000001380931001980,29739868,BRICK,,2025-02-28,2025,2,BODEGA,BRICK,BODEGA BRICK,W CUST_ID,0,1,1,1,625.67,0,16.25,B3
-1000001380931001980,29739868,BRICK,,2025-05-31,2025,5,BODEGA,BRICK,BODEGA BRICK,W CUST_ID,0,1,1,1,371.12,0,9.00,B3
-1000001380931001980,29739868,BRICK,,2024-09-30,2024,9,BODEGA,BRICK,BODEGA BRICK,W CUST_ID,0,1,1,1,1365.31,0,56.26,B3
-1000001380931001980,29739868,BRICK,,2025-01-31,2025,1,BODEGA,BRICK,BODEGA BRICK,W CUST_ID,0,1,1,1,831.79,0,16.00,B3
-1000001380931001980,29739868,BRICK,,2025-08-31,2025,8,BODEGA,BRICK,BODEGA BRICK,W CUST_ID,0,1,2,1,257.48235,0,3.98,B3
-1000001380931001980,29739868,BRICK,,2024-11-30,2024,11,BODEGA AURRERA EXPRESS,BRICK,BODEGA AURRERA EXPRESS BRICK,W CUST_ID,0,1,2,2,1441.4,0,72.00,B3
-1000001588260525050,2b193ceb-bcdf-406a-82e9-834dd217d6de,ECOMM,-99,2024-08-31,2024,8,WM SUPERCENTER,OD,WM SUPERCENTER_OD,W CUST_ID,0,0,1,1,203.44,0,3.00,W2_OD
-1000001931554046842,19867561,BRICK,,2025-04-30,2025,4,WALMART EXPRESS,BRICK,WALMART EXPRESS BRICK,W CUST_ID,0,1,1,1,497.41,0,4.00,W2
-1000001931554046842,19867561,BRICK,,2024-11-30,2024,11,WALMART EXPRESS,BRICK,WALMART EXPRESS BRICK,W CUST_ID,0,1,1,1,526.907,0,6.83,W2
-1000001931554046842,19867561,BRICK,,2024-08-31,2024,8,WM SUPERCENTER,BRICK,WM SUPERCENTER BRICK,W CUST_ID,0,1,2,2,618.1,0,5.00,W2
-1000001931554046842,19867561,BRICK,,2024-10-31,2024,10,WM SUPERCENTER,BRICK,WM SUPERCENTER BRICK,W CUST_ID,0,1,2,1,159.18,0,5.00,W2
-1000001931554046842,19867561,BRICK,,2025-01-31,2025,1,WM SUPERCENTER,BRICK,WM SUPERCENTER BRICK,W CUST_ID,0,1,1,1,56.03,0,1.00,W2
-1000001976580010170,33302595,BRICK,,2025-03-31,2025,3,BODEGA AURRERA EXPRESS,BRICK,BODEGA AURRERA EXPRESS BRICK,W CUST_ID,0,1,3,3,220.03,0,22.00,B3
-1000001976580010170,33302595,BRICK,,2025-05-31,2025,5,BODEGA AURRERA EXPRESS,BRICK,BODEGA AURRERA EXPRESS BRICK,W CUST_ID,0,1,1,1,83.763,0,1.37,B3
-1000001976580010170,33302595,BRICK,,2024-10-31,2024,10,BODEGA AURRERA EXPRESS,BRICK,BODEGA AURRERA EXPRESS BRICK,W CUST_ID,0,1,3,3,150.52,0,7.00,B3
-1000001976580010170,33302595,BRICK,,2024-12-31,2024,12,BODEGA AURRERA EXPRESS,BRICK,BODEGA AURRERA EXPRESS BRICK,W CUST_ID,0,1,1,1,151.78,0,21.00,B3
-1000001976580010170,33302595,BRICK,,2025-01-31,2025,1,BODEGA AURRERA EXPRESS,BRICK,BODEGA AURRERA EXPRESS BRICK,W CUST_ID,0,1,3,3,353.03,0,18.00,B3
-1000001976580010170,33302595,BRICK,,2025-04-30,2025,4,BODEGA AURRERA EXPRESS,BRICK,BODEGA AURRERA EXPRESS BRICK,W CUST_ID,0,1,2,2,83.28,0,31.00,B3
-1000001976580010170,33302595,BRICK,,2025-02-28,2025,2,WM SUPERCENTER,BRICK,WM SUPERCENTER BRICK,W CUST_ID,0,1,1,1,25.86,0,2.00,W2
-1000001976580010170,33302595,BRICK,,2025-02-28,2025,2,BODEGA AURRERA EXPRESS,BRICK,BODEGA AURRERA EXPRESS BRICK,W CUST_ID,0,1,4,3,471.57,0,24.00,B3
-100000205989621754,8128854,BRICK,,2024-08-31,2024,8,BODEGA,BRICK,BODEGA BRICK,W CUST_ID,0,1,1,1,2239.86,0,72.00,B3
-100000205989621754,8128854,BRICK,,2025-06-30,2025,6,BODEGA AURRERA EXPRESS,BRICK,BODEGA AURRERA EXPRESS BRICK,W CUST_ID,0,1,1,1,45.35,0,4.00,B3
-100000205989621754,8128854,BRICK,,2024-10-31,2024,10,WM SUPERCENTER,BRICK,WM SUPERCENTER BRICK,W CUST_ID,0,1,1,1,1388.9,0,24.29,W2
-100000205989621754,8128854,BRICK,,2025-07-31,2025,7,BODEGA,BRICK,BODEGA BRICK,W CUST_ID,0,1,1,1,1767.3,0,45.00,B3
-100000205989621754,8128854,BRICK,,2025-05-31,2025,5,BODEGA AURRERA EXPRESS,BRICK,BODEGA AURRERA EXPRESS BRICK,W CUST_ID,0,1,1,1,818.87,0,32.00,B3
-1000002336981880058,42579756,BRICK,,2024-11-30,2024,11,WM SUPERCENTER,BRICK,WM SUPERCENTER BRICK,W CUST_ID,0,1,1,1,1141.5625,0,48.98,W2
-1000002336981880058,42579756,BRICK,,2025-02-28,2025,2,BODEGA,BRICK,BODEGA BRICK,W CUST_ID,0,1,1,1,689.32955,0,44.87,B3
-1000002336981880058,42579756,BRICK,,2024-12-31,2024,12,MI BODEGA,BRICK,MI BODEGA BRICK,W CUST_ID,0,1,1,1,435.32,0,22.00,B3
-1000002745511862906,7795893,BRICK,,2024-07-31,2024,7,BODEGA,BRICK,BODEGA BRICK,W CUST_ID,0,1,2,2,212.285,0,9.13,B3
-1000002745511862906,7795893,BRICK,,2024-12-31,2024,12,BODEGA,BRICK,BODEGA BRICK,W CUST_ID,0,1,1,1,1059.2656,0,30.78,B3
-1000002745511862906,7795893,BRICK,,2024-09-30,2024,9,BODEGA,BRICK,BODEGA BRICK,W CUST_ID,0,1,1,1,366.822,0,9.89,B3
-1000002745511862906,7795893,BRICK,,2024-08-31,2024,8,BODEGA,BRICK,BODEGA BRICK,W CUST_ID,0,1,1,1,591.13135,0,28.00,B3
-1000002745511862906,7795893,BRICK,,2024-06-30,2024,6,BODEGA,BRICK,BODEGA BRICK,W CUST_ID,0,1,2,1,146.321,0,7.69,B3
-1000002969009885887,205223209-34,BRICK,,2023-10-31,2023,10,SAM'S CLUB,BRICK,SAM'S CLUB BRICK,W CUST_ID,0,0,6,1,9545.16,0,55.00,SAMS
-1000002969009885887,205223209-34,BRICK,,2024-05-31,2024,5,SAM'S CLUB,BRICK,SAM'S CLUB BRICK,W CUST_ID,0,0,8,2,7621.57,0,40.00,SAMS
-1000002969009885887,205223209-34,BRICK,,2024-07-31,2024,7,SAM'S CLUB,BRICK,SAM'S CLUB BRICK,W CUST_ID,0,0,3,1,3564.07,0,21.00,SAMS
-1000002969009885887,205223209-34,BRICK,,2025-07-31,2025,7,SAM'S CLUB,BRICK,SAM'S CLUB BRICK,W CUST_ID,0,0,4,1,6396.29,0,34.00,SAMS
-1000002969009885887,205223209-34,BRICK,,2024-02-29,2024,2,SAM'S CLUB,BRICK,SAM'S CLUB BRICK,W CUST_ID,0,0,5,1,6593.1,0,34.00,SAMS
-1000002969009885887,205223209-34,BRICK,,2025-01-31,2025,1,SAM'S CLUB,BRICK,SAM'S CLUB BRICK,W CUST_ID,0,0,4,1,5991.25,0,33.00,SAMS
-1000002969009885887,205223209-34,BRICK,,2023-05-31,2023,5,SAM'S CLUB,BRICK,SAM'S CLUB BRICK,W CUST_ID,0,0,7,1,10349.84,0,53.00,SAMS
-1000002969009885887,205223209-34,ECOMM,-99,2025-07-31,2025,7,SAM'S CLUB,OD,SAM'S CLUB_OD,W CUST_ID,0,0,1,1,783.81,0,5.00,SAMS_OD
-1000002969009885887,205223209-34,BRICK,,2024-08-31,2024,8,SAM'S CLUB,BRICK,SAM'S CLUB BRICK,W CUST_ID,0,0,3,1,1638.14,0,10.00,SAMS
-1000002969009885887,76723c8e-57f2-4c75-a18a-93d40d28ed8f,ECOMM,-99,2025-03-31,2025,3,WM SUPERCENTER,OD,WM SUPERCENTER_OD,W CUST_ID,0,0,1,1,353.50034,0,8.67,W2_OD
-1000002969009885887,205223209-34,BRICK,,2023-02-28,2023,2,SAM'S CLUB,BRICK,SAM'S CLUB BRICK,W CUST_ID,0,0,7,1,6935.65,0,33.00,SAMS
-1000002969009885887,205223209-34,BRICK,,2023-06-30,2023,6,SAM'S CLUB,BRICK,SAM'S CLUB BRICK,W CUST_ID,0,0,4,1,7886.25,0,41.00,SAMS
-1000002969009885887,205223209-34,BRICK,,2023-11-30,2023,11,SAM'S CLUB,BRICK,SAM'S CLUB BRICK,W CUST_ID,0,0,8,1,13538.82,0,65.00,SAMS
-1000002969009885887,205223209-34,BRICK,,2023-08-31,2023,8,SAM'S CLUB,BRICK,SAM'S CLUB BRICK,W CUST_ID,0,0,3,1,9850.78,0,48.00,SAMS
-1000002969009885887,205223209-34,BRICK,,2023-09-30,2023,9,SAM'S CLUB,BRICK,SAM'S CLUB BRICK,W CUST_ID,0,0,3,1,5783.47,0,34.00,SAMS
-1000002969009885887,205223209-34,BRICK,,2024-12-31,2024,12,SAM'S CLUB,BRICK,SAM'S CLUB BRICK,W CUST_ID,0,0,6,1,8083.51,0,36.00,SAMS
-1000002969009885887,205223209-34,BRICK,,2025-06-30,2025,6,SAM'S CLUB,BRICK,SAM'S CLUB BRICK,W CUST_ID,0,0,4,1,9769.41,0,55.00,SAMS
-1000002969009885887,205223209-34,BRICK,,2024-06-30,2024,6,SAM'S CLUB,BRICK,SAM'S CLUB BRICK,W CUST_ID,0,0,5,1,11893.77,0,46.00,SAMS
-1000002969009885887,205223209-34,BRICK,,2024-01-31,2024,1,SAM'S CLUB,BRICK,SAM'S CLUB BRICK,W CUST_ID,0,0,8,1,5878.44,0,33.00,SAMS
-1000002969009885887,205223209-34,BRICK,,2024-10-31,2024,10,SAM'S CLUB,BRICK,SAM'S CLUB BRICK,W CUST_ID,0,0,2,1,4314.6,0,16.00,SAMS
-1000002969009885887,205223209-34,BRICK,,2024-04-30,2024,4,SAM'S CLUB,BRICK,SAM'S CLUB BRICK,W CUST_ID,0,0,7,1,13716.99,0,75.00,SAMS
-1000002969009885887,205223209-34,BRICK,,2025-04-30,2025,4,SAM'S CLUB,BRICK,SAM'S CLUB BRICK,W CUST_ID,0,0,3,1,6490.3,0,42.08,SAMS
-1000002969009885887,205223209-34,BRICK,,2025-02-28,2025,2,SAM'S CLUB,BRICK,SAM'S CLUB BRICK,W CUST_ID,0,0,2,1,2209.08,0,12.00,SAMS
-1000002969009885887,205223209-34,BRICK,,2025-05-31,2025,5,SAM'S CLUB,BRICK,SAM'S CLUB BRICK,W CUST_ID,0,0,5,1,7165.63,0,43.06,SAMS
-1000002969009885887,205223209-34,BRICK,,2023-03-31,2023,3,SAM'S CLUB,BRICK,SAM'S CLUB BRICK,W CUST_ID,0,0,6,1,7813.12,0,48.00,SAMS
-1000002969009885887,205223209-34,BRICK,,2023-01-31,2023,1,SAM'S CLUB,BRICK,SAM'S CLUB BRICK,W CUST_ID,0,0,7,1,5552.29,0,34.00,SAMS
-1000002969009885887,205223209-34,BRICK,,2025-03-31,2025,3,SAM'S CLUB,BRICK,SAM'S CLUB BRICK,W CUST_ID,0,0,6,1,10750.36,0,64.00,SAMS
-1000002969009885887,205223209-34,BRICK,,2024-11-30,2024,11,SAM'S CLUB,BRICK,SAM'S CLUB BRICK,W CUST_ID,0,0,3,1,5566.53,0,31.00,SAMS
-1000002969009885887,205223209-34,BRICK,,2023-04-30,2023,4,SAM'S CLUB,BRICK,SAM'S CLUB BRICK,W CUST_ID,0,0,2,1,3098.33,0,20.00,SAMS
-1000002969009885887,205223209-34,BRICK,,2023-12-31,2023,12,SAM'S CLUB,BRICK,SAM'S CLUB BRICK,W CUST_ID,0,0,5,1,7850.27,0,32.98,SAMS
-1000002969009885887,205223209-34,BRICK,,2024-03-31,2024,3,SAM'S CLUB,BRICK,SAM'S CLUB BRICK,W CUST_ID,0,0,4,1,9146.39,0,30.00,SAMS
-1000002969009885887,205223209-34,BRICK,,2024-09-30,2024,9,SAM'S CLUB,BRICK,SAM'S CLUB BRICK,W CUST_ID,0,0,7,1,7671.4,0,47.00,SAMS
-1000003031065675066,19867562,BRICK,,2024-08-31,2024,8,MI BODEGA,BRICK,MI BODEGA BRICK,W CUST_ID,0,1,1,1,210.76,0,14.00,B3
-1000003436493508282,42579755,BRICK,,2025-07-31,2025,7,WM SUPERCENTER,BRICK,WM SUPERCENTER BRICK,W CUST_ID,0,1,9,6,7154.10185,0,238.02,W2
-1000003436493508282,42579755,BRICK,,2024-11-30,2024,11,WM SUPERCENTER,BRICK,WM SUPERCENTER BRICK,W CUST_ID,0,1,5,4,790.60756,0,23.68,W2
-1000003436493508282,42579755,BRICK,,2025-06-30,2025,6,WM SUPERCENTER,BRICK,WM SUPERCENTER BRICK,W CUST_ID,0,1,6,4,2951.503,0,215.27,W2
-1000003436493508282,42579755,BRICK,,2025-05-31,2025,5,WM SUPERCENTER,BRICK,WM SUPERCENTER BRICK,W CUST_ID,0,1,2,2,1612.06,0,33.00,W2
-1000003436493508282,42579755,BRICK,,2025-01-31,2025,1,WM SUPERCENTER,BRICK,WM SUPERCENTER BRICK,W CUST_ID,0,1,2,2,77.04,0,6.00,W2
-1000003436493508282,42579755,BRICK,,2025-05-31,2025,5,BODEGA,BRICK,BODEGA BRICK,W CUST_ID,0,1,1,1,1131.547,0,32.39,B3
-1000003436493508282,42579755,BRICK,,2025-03-31,2025,3,WM SUPERCENTER,BRICK,WM SUPERCENTER BRICK,W CUST_ID,0,1,1,1,45.49,0,4.00,W2
-1000003436493508282,42579755,BRICK,,2025-04-30,2025,4,WM SUPERCENTER,BRICK,WM SUPERCENTER BRICK,W CUST_ID,0,1,2,2,121.77,0,6.00,W2
-1000003775141863802,24975429,BRICK,,2024-08-31,2024,8,BODEGA,BRICK,BODEGA BRICK,W CUST_ID,0,1,1,1,995.69,0,26.00,B3
-1000003834992222330,93298038,BRICK,,2025-07-31,2025,7,BODEGA,BRICK,BODEGA BRICK,W CUST_ID,0,1,1,1,151.914,0,4.32,B3
-1000003845023491130,7795892,BRICK,,2025-03-31,2025,3,WM SUPERCENTER,BRICK,WM SUPERCENTER BRICK,W CUST_ID,0,1,1,1,268.55,0,7.00,W2
-1000003845023491130,7795892,BRICK,,2025-07-31,2025,7,WM SUPERCENTER,BRICK,WM SUPERCENTER BRICK,W CUST_ID,0,1,1,1,301.83,0,4.00,W2
-1000003845023491130,7795892,BRICK,,2024-06-30,2024,6,BODEGA,BRICK,BODEGA BRICK,W CUST_ID,0,1,2,1,621.61,0,25.00,B3
-1000003845023491130,7795892,BRICK,,2025-01-31,2025,1,BODEGA,BRICK,BODEGA BRICK,W CUST_ID,0,1,1,1,30,0,1.00,B3
-1000003845023491130,7795892,BRICK,,2024-12-31,2024,12,BODEGA,BRICK,BODEGA BRICK,W CUST_ID,0,1,2,1,871.02,0,19.00,B3
-1000003845023491130,7795892,BRICK,,2025-02-28,2025,2,BODEGA,BRICK,BODEGA BRICK,W CUST_ID,0,1,3,2,1159.05,0,34.00,B3
-1000003845023491130,7795892,BRICK,,2025-05-31,2025,5,WM SUPERCENTER,BRICK,WM SUPERCENTER BRICK,W CUST_ID,0,1,1,1,374.86,0,6.00,W2
-1000003845023491130,7795892,BRICK,,2024-08-31,2024,8,BODEGA,BRICK,BODEGA BRICK,W CUST_ID,0,1,1,1,268.21,0,9.00,B3
-1000003845023491130,7795892,BRICK,,2024-07-31,2024,7,BODEGA,BRICK,BODEGA BRICK,W CUST_ID,0,1,2,1,133.38,0,4.00,B3
-1000003886609802687,245732722-12,BRICK,,2024-12-31,2024,12,SAM'S CLUB,BRICK,SAM'S CLUB BRICK,W CUST_ID,0,0,1,1,1076.6,0,7.00,SAMS
-1000003886609802687,245732722-12,BRICK,,2025-04-30,2025,4,SAM'S CLUB,BRICK,SAM'S CLUB BRICK,W CUST_ID,0,0,1,1,1963.49,0,9.00,SAMS
-1000003886609802687,245732722-12,BRICK,,2023-02-28,2023,2,SAM'S CLUB,BRICK,SAM'S CLUB BRICK,W CUST_ID,0,0,1,1,2042.74,0,12.00,SAMS
-1000003886609802687,245732722-12,BRICK,,2024-11-30,2024,11,SAM'S CLUB,BRICK,SAM'S CLUB BRICK,W CUST_ID,0,0,1,1,1395.694,0,8.39,SAMS
-1000003886609802687,245732722-12,BRICK,,2023-05-31,2023,5,SAM'S CLUB,BRICK,SAM'S CLUB BRICK,W CUST_ID,0,0,2,1,3661.988,0,20.17,SAMS
-1000003886609802687,245732722-12,BRICK,,2025-08-31,2025,8,SAM'S CLUB,BRICK,SAM'S CLUB BRICK,W CUST_ID,0,0,2,1,3455.837,0,17.64,SAMS
-1000003886609802687,245732722-12,BRICK,,2023-08-31,2023,8,SAM'S CLUB,BRICK,SAM'S CLUB BRICK,W CUST_ID,0,0,2,1,2812.12,0,8.00,SAMS
-1000003886609802687,245732722-12,BRICK,,2023-11-30,2023,11,SAM'S CLUB,BRICK,SAM'S CLUB BRICK,W CUST_ID,0,0,1,1,552.58,0,3.00,SAMS
-1000003886609802687,245732722-12,BRICK,,2024-04-30,2024,4,SAM'S CLUB,BRICK,SAM'S CLUB BRICK,W CUST_ID,0,0,1,1,519.93,0,3.00,SAMS
-1000003886609802687,245732722-12,BRICK,,2025-07-31,2025,7,SAM'S CLUB,BRICK,SAM'S CLUB BRICK,W CUST_ID,0,0,2,1,1078.52,0,7.48,SAMS
-1000003886609802687,245732722-12,BRICK,,2023-01-31,2023,1,SAM'S CLUB,BRICK,SAM'S CLUB BRICK,W CUST_ID,0,0,1,1,1236.796,0,10.00,SAMS
-1000003886609802687,245732722-12,BRICK,,2025-05-31,2025,5,SAM'S CLUB,BRICK,SAM'S CLUB BRICK,W CUST_ID,0,0,2,1,6302.24,0,28.00,SAMS
-1000003886609802687,245732722-12,BRICK,,2024-09-30,2024,9,SAM'S CLUB,BRICK,SAM'S CLUB BRICK,W CUST_ID,0,0,1,1,1288.93,0,7.00,SAMS
-1000003886609802687,245732722-12,BRICK,,2025-06-30,2025,6,SAM'S CLUB,BRICK,SAM'S CLUB BRICK,W CUST_ID,0,0,1,1,1419.04,0,8.00,SAMS
-1000003886609802687,245732722-12,BRICK,,2023-04-30,2023,4,SAM'S CLUB,BRICK,SAM'S CLUB BRICK,W CUST_ID,0,0,2,1,1845.13,0,12.00,SAMS
-1000004130577303290,19867563,BRICK,,2024-08-31,2024,8,BODEGA,BRICK,BODEGA BRICK,W CUST_ID,0,1,1,1,1301.01,0,41.52,B3
-1000004175603266618,33302597,BRICK,,2024-11-30,2024,11,BODEGA,BRICK,BODEGA BRICK,W CUST_ID,0,1,1,1,575.7658,0,23.55,B3
-1000004175603266618,33302597,BRICK,,2024-12-31,2024,12,BODEGA,BRICK,BODEGA BRICK,W CUST_ID,0,1,1,1,344.216,0,15.52,B3
-1000004175603266618,33302597,BRICK,,2024-10-31,2024,10,BODEGA,BRICK,BODEGA BRICK,W CUST_ID,0,1,1,1,105.18,0,3.00,B3
-1000004175603266618,33302597,BRICK,,2025-01-31,2025,1,BODEGA,BRICK,BODEGA BRICK,W CUST_ID,0,1,2,2,674.4528,0,27.18,B3
-1000004175603266618,33302597,BRICK,,2025-02-28,2025,2,BODEGA,BRICK,BODEGA BRICK,W CUST_ID,0,1,1,1,339.328,0,15.60,B3
-1000004175603266618,33302597,BRICK,,2025-04-30,2025,4,BODEGA,BRICK,BODEGA BRICK,W CUST_ID,0,1,1,1,259.832,0,11.65,B3
-1000004534412458175,617418520-10,BRICK,,2023-03-31,2023,3,SAM'S CLUB,BRICK,SAM'S CLUB BRICK,W CUST_ID,0,0,2,1,1875.52,0,16.00,SAMS
-1000004534412458175,617418520-10,BRICK,,2023-10-31,2023,10,SAM'S CLUB,BRICK,SAM'S CLUB BRICK,W CUST_ID,0,0,1,1,58.62,0,2.00,SAMS
-1000004534412458175,617418520-10,BRICK,,2024-11-30,2024,11,SAM'S CLUB,BRICK,SAM'S CLUB BRICK,W CUST_ID,0,0,1,1,3716.4,0,9.00,SAMS
-1000004534412458175,617418520-10,BRICK,,2024-05-31,2024,5,SAM'S CLUB,BRICK,SAM'S CLUB BRICK,W CUST_ID,0,0,2,1,2545.68,0,3.00,SAMS
-1000004534412458175,617418520-10,BRICK,,2023-01-31,2023,1,SAM'S CLUB,BRICK,SAM'S CLUB BRICK,W CUST_ID,0,0,1,1,1036.54,0,8.00,SAMS
-1000004534412458175,617418520-10,BRICK,,2024-03-31,2024,3,SAM'S CLUB,BRICK,SAM'S CLUB BRICK,W CUST_ID,0,0,1,1,346.28,0,2.00,SAMS
-1000004534412458175,617418520-10,BRICK,,2023-12-31,2023,12,SAM'S CLUB,BRICK,SAM'S CLUB BRICK,W CUST_ID,0,0,2,1,289.17,0,5.00,SAMS
-1000004534412458175,617418520-10,BRICK,,2024-06-30,2024,6,SAM'S CLUB,BRICK,SAM'S CLUB BRICK,W CUST_ID,0,0,1,1,6644.83,0,2.00,SAMS
-1000004534412458175,617418520-10,BRICK,,2025-08-31,2025,8,SAM'S CLUB,BRICK,SAM'S CLUB BRICK,W CUST_ID,0,0,2,1,509.49,0,6.00,SAMS
-1000004534412458175,617418520-10,BRICK,,2024-12-31,2024,12,SAM'S CLUB,BRICK,SAM'S CLUB BRICK,W CUST_ID,0,0,1,1,374.67,0,1.00,SAMS
-1000004534412458175,617418520-10,BRICK,,2023-02-28,2023,2,SAM'S CLUB,BRICK,SAM'S CLUB BRICK,W CUST_ID,0,0,2,1,1285.46,0,11.00,SAMS
-1000004534412458175,617418520-10,BRICK,,2024-08-31,2024,8,SAM'S CLUB,BRICK,SAM'S CLUB BRICK,W CUST_ID,0,0,1,1,212.04,0,1.00,SAMS
-1000004534412458175,617418520-10,BRICK,,2023-11-30,2023,11,SAM'S CLUB,BRICK,SAM'S CLUB BRICK,W CUST_ID,0,0,2,1,216.38,0,6.00,SAMS
-1000004536005136506,42579754,BRICK,,2024-11-30,2024,11,WM SUPERCENTER,BRICK,WM SUPERCENTER BRICK,W CUST_ID,0,1,1,1,151.428,0,2.02,W2
-1000004536005136506,42579754,BRICK,,2024-12-31,2024,12,WM SUPERCENTER,BRICK,WM SUPERCENTER BRICK,W CUST_ID,0,1,1,1,291.38,0,2.00,W2
-1000004874653491962,24975428,BRICK,,2025-04-30,2025,4,WALMART EXPRESS,BRICK,WALMART EXPRESS BRICK,W CUST_ID,0,1,2,2,1114.304,0,24.93,W2
-1000004874653491962,24975428,BRICK,,2025-05-31,2025,5,WM SUPERCENTER,BRICK,WM SUPERCENTER BRICK,W CUST_ID,0,1,3,2,2387.282,0,47.69,W2
-1000004874653491962,24975428,BRICK,,2025-03-31,2025,3,WALMART EXPRESS,BRICK,WALMART EXPRESS BRICK,W CUST_ID,0,1,2,2,215.5655,0,5.65,W2
-1000004874653491962,24975428,BRICK,,2024-09-30,2024,9,WALMART EXPRESS,BRICK,WALMART EXPRESS BRICK,W CUST_ID,0,1,9,7,3134.9,0,78.11,W2
-1000004874653491962,24975428,BRICK,,2024-12-31,2024,12,WALMART EXPRESS,BRICK,WALMART EXPRESS BRICK,W CUST_ID,0,1,3,3,1570.291,0,36.44,W2
-1000004874653491962,24975428,BRICK,,2024-08-31,2024,8,WALMART EXPRESS,BRICK,WALMART EXPRESS BRICK,W CUST_ID,0,1,1,1,68.97,0,1.00,W2
-1000004874653491962,24975428,BRICK,,2025-01-31,2025,1,WALMART EXPRESS,BRICK,WALMART EXPRESS BRICK,W CUST_ID,0,1,4,4,1862.26655,0,30.83,W2
-1000004874653491962,24975428,BRICK,,2024-11-30,2024,11,WM SUPERCENTER,BRICK,WM SUPERCENTER BRICK,W CUST_ID,0,1,1,1,172.42,0,3.00,W2
-1000004874653491962,24975428,BRICK,,2024-11-30,2024,11,WALMART EXPRESS,BRICK,WALMART EXPRESS BRICK,W CUST_ID,0,1,2,2,617.651,0,16.60,W2
-1000004874653491962,24975428,BRICK,,2024-10-31,2024,10,WALMART EXPRESS,BRICK,WALMART EXPRESS BRICK,W CUST_ID,0,1,1,1,691.84,0,17.00,W2
-1000004874653491962,24975428,BRICK,,2025-08-31,2025,8,WM SUPERCENTER,BRICK,WM SUPERCENTER BRICK,W CUST_ID,0,1,1,1,105.15,0,8.00,W2
-1000004874653491962,24975428,BRICK,,2025-08-31,2025,8,WALMART EXPRESS,BRICK,WALMART EXPRESS BRICK,W CUST_ID,0,1,1,1,1012.038,0,17.86,W2
-1000004874653491962,24975428,BRICK,,2025-05-31,2025,5,WALMART EXPRESS,BRICK,WALMART EXPRESS BRICK,W CUST_ID,0,1,3,3,838.138,0,18.85,W2
-1000004874653491962,24975428,BRICK,,2025-01-31,2025,1,WM SUPERCENTER,BRICK,WM SUPERCENTER BRICK,W CUST_ID,0,1,1,1,252.762,0,9.08,W2
-1000004874653491962,24975428,BRICK,-99,2024-09-30,2024,9,WALMART EXPRESS,BRICK,WALMART EXPRESS BRICK,W CUST_ID,1,1,1,1,480.094,0,9.27,W2
-1000004874653491962,24975428,BRICK,,2025-02-28,2025,2,WALMART EXPRESS,BRICK,WALMART EXPRESS BRICK,W CUST_ID,0,1,2,2,1282.38795,0,23.13,W2
-1000004874653491962,24975428,BRICK,,2024-10-31,2024,10,WM SUPERCENTER,BRICK,WM SUPERCENTER BRICK,W CUST_ID,0,1,4,4,1519.941,0,38.30,W2
-1000004874653491962,24975428,BRICK,,2025-07-31,2025,7,WALMART EXPRESS,BRICK,WALMART EXPRESS BRICK,W CUST_ID,0,1,2,2,771.13,0,15.00,W2
-1000004874653491962,24975428,BRICK,-7362636096158772156,2024-09-30,2024,9,WALMART EXPRESS,BRICK,WALMART EXPRESS BRICK,W CUST_ID,1,1,1,1,566.99728,0,17.72,W2
-1000004934503850554,93298039,BRICK,,2025-07-31,2025,7,BODEGA AURRERA EXPRESS,BRICK,BODEGA AURRERA EXPRESS BRICK,W CUST_ID,0,1,1,1,172.41,0,1.00,B3
-1000004944535119290,7795891,BRICK,,2024-06-30,2024,6,WM SUPERCENTER,BRICK,WM SUPERCENTER BRICK,W CUST_ID,0,1,1,1,42.24,0,1.00,W2
-1000004944535119290,7795891,BRICK,,2025-05-31,2025,5,WALMART EXPRESS,BRICK,WALMART EXPRESS BRICK,W CUST_ID,0,1,1,1,44.41,0,2.00,W2
-1000005230088931514,19867564,BRICK,,2025-06-30,2025,6,BODEGA,BRICK,BODEGA BRICK,W CUST_ID,0,1,2,2,856.804,0,30.94,B3
-1000005230088931514,19867564,BRICK,,2025-03-31,2025,3,BODEGA,BRICK,BODEGA BRICK,W CUST_ID,0,1,2,2,1444.7735,0,58.43,B3
-1000005230088931514,19867564,BRICK,,2024-08-31,2024,8,BODEGA,BRICK,BODEGA BRICK,W CUST_ID,0,1,1,1,1422.136,0,38.75,B3
-1000005230960213311,608806840-10,BRICK,,2023-08-31,2023,8,SAM'S CLUB,BRICK,SAM'S CLUB BRICK,W CUST_ID,0,0,1,1,3114.93,0,26.00,SAMS
-1000005230960213311,608806840-10,BRICK,,2025-01-31,2025,1,SAM'S CLUB,BRICK,SAM'S CLUB BRICK,W CUST_ID,0,0,1,1,4647.95,0,30.00,SAMS
-1000005230960213311,608806840-10,BRICK,,2024-02-29,2024,2,SAM'S CLUB,BRICK,SAM'S CLUB BRICK,W CUST_ID,0,0,1,1,4039.26,0,31.00,SAMS
-1000005230960213311,608806840-10,BRICK,,2023-03-31,2023,3,SAM'S CLUB,BRICK,SAM'S CLUB BRICK,W CUST_ID,0,0,1,1,3683.53,0,29.75,SAMS
-1000005230960213311,608806840-10,BRICK,,2024-07-31,2024,7,SAM'S CLUB,BRICK,SAM'S CLUB BRICK,W CUST_ID,0,0,2,1,3717.88,0,30.00,SAMS
-1000005230960213311,608806840-10,BRICK,,2024-10-31,2024,10,SAM'S CLUB,BRICK,SAM'S CLUB BRICK,W CUST_ID,0,0,2,1,5073.76,0,31.00,SAMS
-1000005230960213311,608806840-10,BRICK,,2023-10-31,2023,10,SAM'S CLUB,BRICK,SAM'S CLUB BRICK,W CUST_ID,0,0,1,1,2843.07,0,23.00,SAMS
-1000005230960213311,608806840-10,BRICK,,2024-03-31,2024,3,SAM'S CLUB,BRICK,SAM'S CLUB BRICK,W CUST_ID,0,0,1,1,4632.92,0,35.00,SAMS
-1000005230960213311,608806840-10,BRICK,,2023-09-30,2023,9,SAM'S CLUB,BRICK,SAM'S CLUB BRICK,W CUST_ID,0,0,1,1,3677.59,0,25.00,SAMS
-1000005230960213311,608806840-10,BRICK,,2024-08-31,2024,8,SAM'S CLUB,BRICK,SAM'S CLUB BRICK,W CUST_ID,0,0,2,1,5225.8,0,39.00,SAMS
-1000005230960213311,608806840-10,BRICK,,2023-06-30,2023,6,SAM'S CLUB,BRICK,SAM'S CLUB BRICK,W CUST_ID,0,0,1,1,4253.69,0,29.00,SAMS
-1000005230960213311,608806840-10,BRICK,,2024-05-31,2024,5,SAM'S CLUB,BRICK,SAM'S CLUB BRICK,W CUST_ID,0,0,1,1,4340.04,0,30.00,SAMS
-1000005230960213311,608806840-10,BRICK,,2024-06-30,2024,6,SAM'S CLUB,BRICK,SAM'S CLUB BRICK,W CUST_ID,0,0,1,1,4158.89,0,29.00,SAMS
-1000005230960213311,608806840-10,BRICK,,2023-05-31,2023,5,SAM'S CLUB,BRICK,SAM'S CLUB BRICK,W CUST_ID,0,0,1,1,4360.02,0,31.00,SAMS
-1000005230960213311,608806840-10,BRICK,,2023-12-31,2023,12,SAM'S CLUB,BRICK,SAM'S CLUB BRICK,W CUST_ID,0,0,1,1,3144.48,0,25.00,SAMS
-1000005230960213311,608806840-10,BRICK,,2025-08-31,2025,8,SAM'S CLUB,BRICK,SAM'S CLUB BRICK,W CUST_ID,0,0,1,1,3903.76,0,25.00,SAMS
-1000005230960213311,608806840-10,BRICK,,2023-04-30,2023,4,SAM'S CLUB,BRICK,SAM'S CLUB BRICK,W CUST_ID,0,0,1,1,2582.88,0,25.00,SAMS
-1000005230960213311,608806840-10,BRICK,,2025-02-28,2025,2,SAM'S CLUB,BRICK,SAM'S CLUB BRICK,W CUST_ID,0,0,1,1,3952.86,0,28.00,SAMS
-1000005230960213311,608806840-10,BRICK,,2024-11-30,2024,11,SAM'S CLUB,BRICK,SAM'S CLUB BRICK,W CUST_ID,0,0,1,1,3895.17,0,25.00,SAMS
-1000005230960213311,608806840-10,BRICK,,2025-06-30,2025,6,SAM'S CLUB,BRICK,SAM'S CLUB BRICK,W CUST_ID,0,0,1,1,3490.53,0,26.00,SAMS
-1000005230960213311,608806840-10,BRICK,,2025-05-31,2025,5,SAM'S CLUB,BRICK,SAM'S CLUB BRICK,W CUST_ID,0,0,1,1,6851.64,0,41.00,SAMS
-1000005230960213311,608806840-10,BRICK,,2024-01-31,2024,1,SAM'S CLUB,BRICK,SAM'S CLUB BRICK,W CUST_ID,0,0,1,1,3093.85,0,26.00,SAMS
-1000005230960213311,608806840-10,BRICK,,2023-01-31,2023,1,SAM'S CLUB,BRICK,SAM'S CLUB BRICK,W CUST_ID,0,0,1,1,3623.42,0,27.00,SAMS
-1000005230960213311,608806840-10,BRICK,,2023-11-30,2023,11,SAM'S CLUB,BRICK,SAM'S CLUB BRICK,W CUST_ID,0,0,1,1,4433.15,0,31.00,SAMS
-1000005230960213311,608806840-10,BRICK,,2023-07-31,2023,7,SAM'S CLUB,BRICK,SAM'S CLUB BRICK,W CUST_ID,0,0,2,1,3130.06,0,26.00,SAMS
-1000005230960213311,608806840-10,BRICK,,2025-07-31,2025,7,SAM'S CLUB,BRICK,SAM'S CLUB BRICK,W CUST_ID,0,0,1,1,4136.68,0,28.00,SAMS
-1000005230960213311,608806840-10,BRICK,,2025-03-31,2025,3,SAM'S CLUB,BRICK,SAM'S CLUB BRICK,W CUST_ID,0,0,1,1,4044.51,0,26.00,SAMS
-1000005230960213311,608806840-10,BRICK,,2024-09-30,2024,9,SAM'S CLUB,BRICK,SAM'S CLUB BRICK,W CUST_ID,0,0,1,1,3368.9,0,24.00,SAMS
-1000005230960213311,608806840-10,BRICK,,2023-02-28,2023,2,SAM'S CLUB,BRICK,SAM'S CLUB BRICK,W CUST_ID,0,0,1,1,2906.12,0,23.00,SAMS
-1000005230960213311,608806840-10,BRICK,,2024-12-31,2024,12,SAM'S CLUB,BRICK,SAM'S CLUB BRICK,W CUST_ID,0,0,1,1,3801.29,0,25.00,SAMS
-1000005230960213311,608806840-10,BRICK,,2024-04-30,2024,4,SAM'S CLUB,BRICK,SAM'S CLUB BRICK,W CUST_ID,0,0,1,1,3819.58,0,28.00,SAMS
-1000005275114894778,33302596,BRICK,,2025-05-31,2025,5,BODEGA AURRERA EXPRESS,BRICK,BODEGA AURRERA EXPRESS BRICK,W CUST_ID,0,1,2,2,216.74,0,5.00,B3
-1000005275114894778,33302596,BRICK,,2025-01-31,2025,1,BODEGA AURRERA EXPRESS,BRICK,BODEGA AURRERA EXPRESS BRICK,W CUST_ID,0,1,3,3,341.21,0,13.00,B3
-1000005275114894778,33302596,BRICK,,2025-07-31,2025,7,BODEGA AURRERA EXPRESS,BRICK,BODEGA AURRERA EXPRESS BRICK,W CUST_ID,0,1,8,7,794.87,0,32.00,B3
-1000005275114894778,33302596,BRICK,,2024-11-30,2024,11,BODEGA AURRERA EXPRESS,BRICK,BODEGA AURRERA EXPRESS BRICK,W CUST_ID,0,1,1,1,133,0,2.00,B3
-1000005275114894778,33302596,BRICK,,2025-04-30,2025,4,BODEGA AURRERA EXPRESS,BRICK,BODEGA AURRERA EXPRESS BRICK,W CUST_ID,0,1,7,5,1139.9815,0,63.57,B3
-1000005275114894778,33302596,BRICK,,2025-06-30,2025,6,BODEGA AURRERA EXPRESS,BRICK,BODEGA AURRERA EXPRESS BRICK,W CUST_ID,0,1,3,3,199.91,0,7.00,B3
-1000005275114894778,33302596,BRICK,,2025-08-31,2025,8,BODEGA AURRERA EXPRESS,BRICK,BODEGA AURRERA EXPRESS BRICK,W CUST_ID,0,1,4,3,1602.13,0,57.00,B3
-1000005275114894778,33302596,BRICK,,2024-10-31,2024,10,BODEGA AURRERA EXPRESS,BRICK,BODEGA AURRERA EXPRESS BRICK,W CUST_ID,0,1,5,3,344.57,0,23.00,B3
-1000005275114894778,33302596,BRICK,,2024-12-31,2024,12,BODEGA AURRERA EXPRESS,BRICK,BODEGA AURRERA EXPRESS BRICK,W CUST_ID,0,1,3,3,253.64,0,14.00,B3
-1000005275114894778,33302596,BRICK,,2025-02-28,2025,2,BODEGA AURRERA EXPRESS,BRICK,BODEGA AURRERA EXPRESS BRICK,W CUST_ID,0,1,1,1,73.01,0,4.00,B3
-1000005275114894778,33302596,BRICK,,2025-03-31,2025,3,BODEGA AURRERA EXPRESS,BRICK,BODEGA AURRERA EXPRESS BRICK,W CUST_ID,0,1,2,2,232.72,0,9.00,B3
-1000005275114894778,33302596,BRICK,,2024-12-31,2024,12,WM SUPERCENTER,BRICK,WM SUPERCENTER BRICK,W CUST_ID,0,1,1,1,56.91,0,3.00,W2
-1000006044046747514,7795890,BRICK,,2025-02-28,2025,2,WM SUPERCENTER,BRICK,WM SUPERCENTER BRICK,W CUST_ID,0,1,1,1,493.11,0,7.00,W2
-1000006044046747514,7795890,BRICK,,2024-10-31,2024,10,WM SUPERCENTER,BRICK,WM SUPERCENTER BRICK,W CUST_ID,0,1,1,1,605.064,0,23.79,W2
-1000006044046747514,7795890,BRICK,,2024-09-30,2024,9,WM SUPERCENTER,BRICK,WM SUPERCENTER BRICK,W CUST_ID,0,1,1,1,576.16,0,33.00,W2
-1000006044046747514,7795890,BRICK,,2024-12-31,2024,12,WM SUPERCENTER,BRICK,WM SUPERCENTER BRICK,W CUST_ID,0,1,1,1,110.02,0,2.00,W2
-1000006044046747514,7795890,BRICK,,2024-07-31,2024,7,WM SUPERCENTER,BRICK,WM SUPERCENTER BRICK,W CUST_ID,0,1,1,1,213.604,0,10.44,W2
-1000006044046747514,7795890,BRICK,,2025-05-31,2025,5,WM SUPERCENTER,BRICK,WM SUPERCENTER BRICK,W CUST_ID,0,1,1,1,474.66,0,13.00,W2
-1000006044046747514,7795890,BRICK,,2025-04-30,2025,4,BODEGA,BRICK,BODEGA BRICK,W CUST_ID,0,1,1,1,51.72,0,1.00,B3
-1000006044046747514,7795890,BRICK,,2024-06-30,2024,6,WM SUPERCENTER,BRICK,WM SUPERCENTER BRICK,W CUST_ID,0,1,3,1,731.35,0,24.00,W2
-1000006044046747514,7795890,BRICK,,2025-08-31,2025,8,WM SUPERCENTER,BRICK,WM SUPERCENTER BRICK,W CUST_ID,0,1,3,2,1142.26,0,35.00,W2
-1000006044046747514,7795890,BRICK,,2024-09-30,2024,9,BODEGA,BRICK,BODEGA BRICK,W CUST_ID,0,1,2,2,594.04,0,27.41,B3
-1000006044046747514,7795890,BRICK,,2025-03-31,2025,3,BODEGA,BRICK,BODEGA BRICK,W CUST_ID,0,1,1,1,267.22,0,7.69,B3
-1000006044046747514,7795890,BRICK,,2025-07-31,2025,7,WM SUPERCENTER,BRICK,WM SUPERCENTER BRICK,W CUST_ID,0,1,3,3,1601.04,0,36.00,W2
-1000006044046747514,7795890,BRICK,,2025-02-28,2025,2,BODEGA,BRICK,BODEGA BRICK,W CUST_ID,0,1,1,1,160.8135,0,6.82,B3
-1000006044046747514,7795890,BRICK,,2024-06-30,2024,6,BODEGA,BRICK,BODEGA BRICK,W CUST_ID,0,1,1,1,100.67,0,4.00,B3
-1000006044046747514,7795890,BRICK,,2024-10-31,2024,10,BODEGA,BRICK,BODEGA BRICK,W CUST_ID,0,1,2,2,345,0,12.00,B3
-1000006044046747514,7795890,BRICK,,2025-01-31,2025,1,BODEGA,BRICK,BODEGA BRICK,W CUST_ID,0,1,3,1,647.4245,0,38.54,B3
-1000006044046747514,7795890,BRICK,,2025-04-30,2025,4,WM SUPERCENTER,BRICK,WM SUPERCENTER BRICK,W CUST_ID,0,1,1,1,507.6,0,23.00,W2
-1000006044046747514,7795890,BRICK,,2024-08-31,2024,8,WM SUPERCENTER,BRICK,WM SUPERCENTER BRICK,W CUST_ID,0,1,1,1,208.71,0,5.00,W2
-1000006267544770559,205223209-13,BRICK,,2023-09-30,2023,9,SAM'S CLUB,BRICK,SAM'S CLUB BRICK,W CUST_ID,0,0,3,1,386.14,0,6.00,SAMS
-1000006267544770559,205223209-13,BRICK,,2024-10-31,2024,10,SAM'S CLUB,BRICK,SAM'S CLUB BRICK,W CUST_ID,0,0,3,1,809.17,0,4.00,SAMS
-1000006267544770559,205223209-13,BRICK,,2023-04-30,2023,4,SAM'S CLUB,BRICK,SAM'S CLUB BRICK,W CUST_ID,0,0,4,1,468.23,0,9.00,SAMS
-1000006267544770559,205223209-13,BRICK,,2023-01-31,2023,1,SAM'S CLUB,BRICK,SAM'S CLUB BRICK,W CUST_ID,0,0,1,1,275.16,0,3.00,SAMS
-1000006267544770559,205223209-13,BRICK,,2023-10-31,2023,10,SAM'S CLUB,BRICK,SAM'S CLUB BRICK,W CUST_ID,0,0,1,1,119.72,0,2.00,SAMS
-1000006267544770559,205223209-13,BRICK,,2023-08-31,2023,8,SAM'S CLUB,BRICK,SAM'S CLUB BRICK,W CUST_ID,0,0,5,1,1477.44,0,17.00,SAMS
-1000006267544770559,205223209-13,BRICK,,2023-05-31,2023,5,SAM'S CLUB,BRICK,SAM'S CLUB BRICK,W CUST_ID,0,0,6,1,2815.28364,0,16.89,SAMS
-1000006267544770559,205223209-13,BRICK,,2023-11-30,2023,11,SAM'S CLUB,BRICK,SAM'S CLUB BRICK,W CUST_ID,0,0,6,1,3733.68,0,18.00,SAMS
-1000006267544770559,205223209-13,BRICK,,2023-07-31,2023,7,SAM'S CLUB,BRICK,SAM'S CLUB BRICK,W CUST_ID,0,0,7,1,4096.9,0,30.00,SAMS
-1000006267544770559,205223209-13,BRICK,,2023-03-31,2023,3,SAM'S CLUB,BRICK,SAM'S CLUB BRICK,W CUST_ID,0,0,1,1,582.63,0,6.00,SAMS
-1000006267544770559,205223209-13,BRICK,,2023-02-28,2023,2,SAM'S CLUB,BRICK,SAM'S CLUB BRICK,W CUST_ID,0,0,1,1,208.72,0,2.00,SAMS
-1000006267544770559,205223209-13,BRICK,,2023-06-30,2023,6,SAM'S CLUB,BRICK,SAM'S CLUB BRICK,W CUST_ID,0,0,18,1,4336.19,0,44.00,SAMS
-1000006329600559738,19867565,BRICK,,2024-08-31,2024,8,WM SUPERCENTER,BRICK,WM SUPERCENTER BRICK,W CUST_ID,0,1,1,1,2224.8405,0,36.20,W2
-1000006374626523002,33302591,BRICK,,2025-04-30,2025,4,WM SUPERCENTER,BRICK,WM SUPERCENTER BRICK,W CUST_ID,0,1,1,1,741.73,0,24.00,W2
-1000006374626523002,33302591,BRICK,,2025-05-31,2025,5,WM SUPERCENTER,BRICK,WM SUPERCENTER BRICK,W CUST_ID,0,1,1,1,1102.39,0,38.63,W2
-1000006374626523002,33302591,BRICK,,2025-07-31,2025,7,WM SUPERCENTER,BRICK,WM SUPERCENTER BRICK,W CUST_ID,0,1,1,1,741.2128,0,24.07,W2
-1000006374626523002,33302591,BRICK,,2024-10-31,2024,10,WM SUPERCENTER,BRICK,WM SUPERCENTER BRICK,W CUST_ID,0,1,1,1,375.24,0,16.20,W2
-1000006590015857788,350428231-10,BRICK,,2024-11-30,2024,11,SAM'S CLUB,BRICK,SAM'S CLUB BRICK,W CUST_ID,0,0,2,1,1489.65,0,9.00,SAMS
-1000006590015857788,350428231-10,BRICK,,2023-03-31,2023,3,SAM'S CLUB,BRICK,SAM'S CLUB BRICK,W CUST_ID,0,0,3,1,2786.92,0,25.00,SAMS
-1000006590015857788,350428231-10,BRICK,,2025-04-30,2025,4,SAM'S CLUB,BRICK,SAM'S CLUB BRICK,W CUST_ID,0,0,2,1,1065.06,0,5.00,SAMS
-1000006590015857788,350428231-10,BRICK,,2023-10-31,2023,10,SAM'S CLUB,BRICK,SAM'S CLUB BRICK,W CUST_ID,0,0,1,1,1156.41,0,6.00,SAMS
-1000006590015857788,350428231-10,ECOMM,-99,2024-08-31,2024,8,SAM'S CLUB,FC,SAM'S CLUB_OD,W CUST_ID,0,0,1,1,5308.1,0,1.00,SAMS_OD
-1000006590015857788,350428231-10,BRICK,,2023-06-30,2023,6,SAM'S CLUB,BRICK,SAM'S CLUB BRICK,W CUST_ID,0,0,4,1,2034.51,0,12.00,SAMS
-1000006590015857788,350428231-10,BRICK,,2025-06-30,2025,6,SAM'S CLUB,BRICK,SAM'S CLUB BRICK,W CUST_ID,0,0,1,1,948.83,0,5.00,SAMS
-1000006590015857788,350428231-10,BRICK,,2025-05-31,2025,5,SAM'S CLUB,BRICK,SAM'S CLUB BRICK,W CUST_ID,0,0,2,1,1569.19,0,7.00,SAMS
-1000006590015857788,350428231-10,BRICK,,2023-04-30,2023,4,SAM'S CLUB,BRICK,SAM'S CLUB BRICK,W CUST_ID,0,0,1,1,2138.9,0,14.00,SAMS
-1000006590015857788,9cd0e2dd-5870-43f7-9441-17e9da8042ac,ECOMM,-99,2024-12-31,2024,12,WM SUPERCENTER,EA,WM SUPERCENTER_EA,W CUST_ID,0,0,2,2,5077.58,5077.58,2.00,W2_EA
-1000006590015857788,350428231-10,BRICK,,2024-03-31,2024,3,SAM'S CLUB,BRICK,SAM'S CLUB BRICK,W CUST_ID,0,0,2,1,3177.97,0,13.48,SAMS
-1000006590015857788,350428231-10,BRICK,,2023-05-31,2023,5,SAM'S CLUB,BRICK,SAM'S CLUB BRICK,W CUST_ID,0,0,2,1,523.15,0,4.00,SAMS
-1000006590015857788,350428231-10,BRICK,,2024-01-31,2024,1,SAM'S CLUB,BRICK,SAM'S CLUB BRICK,W CUST_ID,0,0,2,1,2034.78,0,11.00,SAMS
-1000006590015857788,350428231-10,BRICK,,2024-09-30,2024,9,SAM'S CLUB,BRICK,SAM'S CLUB BRICK,W CUST_ID,0,0,2,1,1217.04,0,7.00,SAMS
-1000006590015857788,350428231-10,BRICK,,2023-11-30,2023,11,SAM'S CLUB,BRICK,SAM'S CLUB BRICK,W CUST_ID,0,0,2,1,847.74,0,4.00,SAMS
-1000006590015857788,350428231-10,BRICK,,2024-10-31,2024,10,SAM'S CLUB,BRICK,SAM'S CLUB BRICK,W CUST_ID,0,0,3,1,1992.57,0,10.00,SAMS
-1000006590015857788,350428231-10,BRICK,,2025-02-28,2025,2,SAM'S CLUB,BRICK,SAM'S CLUB BRICK,W CUST_ID,0,0,2,1,922.64,0,7.00,SAMS
-1000006590015857788,350428231-10,BRICK,,2024-02-29,2024,2,SAM'S CLUB,BRICK,SAM'S CLUB BRICK,W CUST_ID,0,0,2,1,2697.95,0,19.00,SAMS
-1000006590015857788,350428231-10,BRICK,,2024-05-31,2024,5,SAM'S CLUB,BRICK,SAM'S CLUB BRICK,W CUST_ID,0,0,1,1,1662.58,0,11.00,SAMS
-1000006590015857788,350428231-10,BRICK,,2024-06-30,2024,6,SAM'S CLUB,BRICK,SAM'S CLUB BRICK,W CUST_ID,0,0,1,1,335.02,0,2.00,SAMS
-1000006590015857788,350428231-10,BRICK,,2025-01-31,2025,1,SAM'S CLUB,BRICK,SAM'S CLUB BRICK,W CUST_ID,0,0,1,1,1571.46,0,13.00,SAMS
-1000006590015857788,350428231-10,BRICK,,2024-07-31,2024,7,SAM'S CLUB,BRICK,SAM'S CLUB BRICK,W CUST_ID,0,0,2,1,1360.51,0,6.00,SAMS
-1000006590015857788,350428231-10,BRICK,,2023-09-30,2023,9,SAM'S CLUB,BRICK,SAM'S CLUB BRICK,W CUST_ID,0,0,4,1,2928,0,20.00,SAMS
-1000006590015857788,350428231-10,BRICK,,2024-04-30,2024,4,SAM'S CLUB,BRICK,SAM'S CLUB BRICK,W CUST_ID,0,0,2,1,1321.72,0,9.00,SAMS
-1000006590015857788,350428231-10,BRICK,,2023-08-31,2023,8,SAM'S CLUB,BRICK,SAM'S CLUB BRICK,W CUST_ID,0,0,1,1,764.62,0,5.00,SAMS
-1000006590015857788,350428231-10,BRICK,,2025-07-31,2025,7,SAM'S CLUB,BRICK,SAM'S CLUB BRICK,W CUST_ID,0,0,2,1,2045.72,0,12.00,SAMS
-1000006590015857788,350428231-10,BRICK,,2024-08-31,2024,8,SAM'S CLUB,BRICK,SAM'S CLUB BRICK,W CUST_ID,0,0,1,1,358.62,0,2.00,SAMS
-1000006590015857788,350428231-10,BRICK,,2023-07-31,2023,7,SAM'S CLUB,BRICK,SAM'S CLUB BRICK,W CUST_ID,0,0,1,1,1214.48,0,8.00,SAMS
-1000006590015857788,350428231-10,BRICK,,2023-02-28,2023,2,SAM'S CLUB,BRICK,SAM'S CLUB BRICK,W CUST_ID,0,0,1,1,263.2,0,3.00,SAMS
-1000006590015857788,350428231-10,BRICK,,2023-01-31,2023,1,SAM'S CLUB,BRICK,SAM'S CLUB BRICK,W CUST_ID,0,0,2,1,3069.92,0,24.00,SAMS
-1000007282479636090,1893530,BRICK,,2025-06-30,2025,6,MI BODEGA,BRICK,MI BODEGA BRICK,W CUST_ID,0,1,3,3,1544.0725,0,58.94,B3
-1000007282479636090,1893530,BRICK,,2025-04-30,2025,4,MI BODEGA,BRICK,MI BODEGA BRICK,W CUST_ID,0,1,1,1,167.02,0,13.00,B3
-1000007282479636090,1893530,BRICK,,2025-07-31,2025,7,MI BODEGA,BRICK,MI BODEGA BRICK,W CUST_ID,0,1,4,4,2053.34755,0,71.91,B3
-1000007282479636090,1893530,BRICK,,2024-12-31,2024,12,MI BODEGA,BRICK,MI BODEGA BRICK,W CUST_ID,0,1,4,3,1812.52,0,52.00,B3
-1000007282479636090,1893530,BRICK,6325301777463768517,2024-11-30,2024,11,MI BODEGA,BRICK,MI BODEGA BRICK,W CUST_ID,1,1,4,3,7651.24,0,28.00,B3
-1000007282479636090,1893530,BRICK,,2025-03-31,2025,3,MI BODEGA,BRICK,MI BODEGA BRICK,W CUST_ID,0,1,6,4,1962.6375,0,79.98,B3
-1000007282479636090,1893530,BRICK,,2025-01-31,2025,1,MI BODEGA,BRICK,MI BODEGA BRICK,W CUST_ID,0,1,3,3,640.6745,0,11.36,B3