cust_ucv_id,last_trns_dt,b3_br_flag,b3_ea_flag,b3_od_flag,cashi_flag,sm_br_flag,sm_od_flag,w2_br_flag,w2_ea_flag,w2_od_flag,cust_clasif,vertical_depth,banner_depth,banner_path,SRC_BC_node1,TGT_BC_node1,SRC_BC_node1_dt,SRC_BC_node2,TGT_BC_node2,SRC_BC_node2_dt,SRC_BC_node3,TGT_BC_node3,SRC_BC_node3_dt,SRC_BC_node4,TGT_BC_node4,SRC_BC_node4_dt,SRC_BC_node5,TGT_BC_node5,SRC_BC_node5_dt,SRC_BC_node6,TGT_BC_node6,SRC_BC_node6_dt,SRC_BC_node7,TGT_BC_node7,SRC_BC_node7_dt,SRC_BC_node8,TGT_BC_node8,SRC_BC_node8_dt,SRC_BC_node9,TGT_BC_node9,SRC_BC_node9_dt,bc_combination
-1000000137958623674,2025-07-30,1,0,0,0,0,0,1,0,0,MULTI BANNER/VERTICAL,2,2,B3 > W2,B3 BRICK,W2 BRICK,2025-02-02,W2 BRICK,STAYED,2025-05-09,,,,,,,,,,,,,,,,,,,,,,"B3 BRICK, W2 BRICK"
-1000000488748896826,2025-05-10,1,0,0,0,0,0,0,0,0,SINGLE BANNER/VERTICAL,1,1,B3,B3 BRICK,STAYED,2024-12-31,,,,,,,,,,,,,,,,,,,,,,,,,B3 BRICK
-1000000550015430266,2025-02-06,1,0,0,0,0,0,0,0,0,SINGLE BANNER/VERTICAL,1,1,B3,B3 BRICK,STAYED,2025-01-17,,,,,,,,,,,,,,,,,,,,,,,,,B3 BRICK
-1000000832042418682,2025-07-28,1,0,0,0,0,0,1,0,0,MULTI BANNER/VERTICAL,2,2,W2 > B3,W2 BRICK,B3 BRICK,2024-08-02,B3 BRICK,STAYED,2025-07-28,,,,,,,,,,,,,,,,,,,,,,"B3 BRICK, W2 BRICK"
-1000001237470251834,2024-11-18,0,0,0,0,0,0,1,0,0,SINGLE BANNER/VERTICAL,1,1,W2,W2 BRICK,STAYED,2024-11-18,,,,,,,,,,,,,,,,,,,,,,,,,W2 BRICK
-1000001318961260607,2024-06-30,0,0,0,0,1,0,0,0,0,SINGLE BANNER/VERTICAL,1,1,SAMS,SAMS BRICK,STAYED,2021-09-21,,,,,,,,,,,,,,,,,,,,,,,,,SAMS BRICK
-1000001380931001980,2025-08-10,1,0,0,0,0,0,0,0,0,SINGLE BANNER/VERTICAL,1,1,B3,B3 BRICK,STAYED,2024-09-16,,,,,,,,,,,,,,,,,,,,,,,,,B3 BRICK
-1000001588260525050,2024-08-13,0,0,0,0,0,0,0,0,1,SINGLE BANNER/VERTICAL,1,1,W2,W2 OD,STAYED,2024-08-13,,,,,,,,,,,,,,,,,,,,,,,,,W2 OD
-1000001931554046842,2025-04-11,0,0,0,0,0,0,1,0,0,SINGLE BANNER/VERTICAL,1,1,W2,W2 BRICK,STAYED,2024-08-02,,,,,,,,,,,,,,,,,,,,,,,,,W2 BRICK
-1000001976580010170,2025-05-17,1,0,0,0,0,0,1,0,0,MULTI BANNER/VERTICAL,2,2,B3 > W2,B3 BRICK,W2 BRICK,2024-10-05,W2 BRICK,STAYED,2025-02-09,,,,,,,,,,,,,,,,,,,,,,"B3 BRICK, W2 BRICK"
-100000205989621754,2025-07-13,1,0,0,0,0,0,1,0,0,MULTI BANNER/VERTICAL,2,2,B3 > W2,B3 BRICK,W2 BRICK,2024-08-26,W2 BRICK,STAYED,2024-10-24,,,,,,,,,,,,,,,,,,,,,,"B3 BRICK, W2 BRICK"
-1000002336981880058,2025-02-02,1,0,0,0,0,0,1,0,0,MULTI BANNER/VERTICAL,2,2,W2 > B3,W2 BRICK,B3 BRICK,2024-11-18,B3 BRICK,STAYED,2024-12-31,,,,,,,,,,,,,,,,,,,,,,"B3 BRICK, W2 BRICK"
-1000002745511862906,2024-12-15,1,0,0,0,0,0,0,0,0,SINGLE BANNER/VERTICAL,1,1,B3,B3 BRICK,STAYED,2024-06-10,,,,,,,,,,,,,,,,,,,,,,,,,B3 BRICK
-1000002969009885887,2025-08-11,0,0,0,0,1,1,0,0,1,MULTI BANNER/VERTICAL,3,2,SAMS > W2,SAMS BRICK,W2 OD,2021-04-07,W2 OD,SAMS OD,2025-03-05,SAMS OD,STAYED,2025-07-27,,,,,,,,,,,,,,,,,,,"SAMS BRICK, SAMS OD, W2 OD"
-1000003031065675066,2024-08-02,1,0,0,0,0,0,0,0,0,SINGLE BANNER/VERTICAL,1,1,B3,B3 BRICK,STAYED,2024-08-02,,,,,,,,,,,,,,,,,,,,,,,,,B3 BRICK
-1000003436493508282,2025-08-12,1,0,0,0,0,0,1,0,0,MULTI BANNER/VERTICAL,2,2,W2 > B3,W2 BRICK,B3 BRICK,2024-11-18,B3 BRICK,STAYED,2025-05-22,,,,,,,,,,,,,,,,,,,,,,"B3 BRICK, W2 BRICK"
-1000003732634075580,2024-11-04,0,0,0,1,0,0,1,0,0,MULTI BANNER/VERTICAL,2,2,CASHI > W2,CASHI,W2 BRICK,2024-11-04,W2 BRICK,STAYED,2024-11-04,,,,,,,,,,,,,,,,,,,,,,"CASHI, W2 BRICK"
-1000003775141863802,2024-10-17,1,0,0,0,0,0,0,0,0,SINGLE BANNER/VERTICAL,1,1,B3,B3 BRICK,STAYED,2024-08-23,,,,,,,,,,,,,,,,,,,,,,,,,B3 BRICK
-1000003834992222330,2025-07-05,1,0,0,0,0,0,0,0,0,SINGLE BANNER/VERTICAL,1,1,B3,B3 BRICK,STAYED,2025-07-05,,,,,,,,,,,,,,,,,,,,,,,,,B3 BRICK
-1000003845023491130,2025-07-13,1,0,0,0,0,0,1,0,0,MULTI BANNER/VERTICAL,2,2,B3 > W2,B3 BRICK,W2 BRICK,2024-06-10,W2 BRICK,STAYED,2025-03-16,,,,,,,,,,,,,,,,,,,,,,"B3 BRICK, W2 BRICK"
-1000003886609802687,2025-08-10,0,0,0,0,1,0,0,0,0,SINGLE BANNER/VERTICAL,1,1,SAMS,SAMS BRICK,STAYED,2022-06-19,,,,,,,,,,,,,,,,,,,,,,,,,SAMS BRICK
-1000004130577303290,2024-08-02,1,0,0,0,0,0,0,0,0,SINGLE BANNER/VERTICAL,1,1,B3,B3 BRICK,STAYED,2024-08-02,,,,,,,,,,,,,,,,,,,,,,,,,B3 BRICK
-1000004175603266618,2025-04-03,1,0,0,0,0,0,0,0,0,SINGLE BANNER/VERTICAL,1,1,B3,B3 BRICK,STAYED,2024-10-05,,,,,,,,,,,,,,,,,,,,,,,,,B3 BRICK
-1000004534412458175,2025-08-10,0,0,0,0,1,0,0,0,0,SINGLE BANNER/VERTICAL,1,1,SAMS,SAMS BRICK,STAYED,2022-11-17,,,,,,,,,,,,,,,,,,,,,,,,,SAMS BRICK
-1000004536005136506,2024-12-19,0,0,0,0,0,0,1,0,0,SINGLE BANNER/VERTICAL,1,1,W2,W2 BRICK,STAYED,2024-11-18,,,,,,,,,,,,,,,,,,,,,,,,,W2 BRICK
-1000004874653491962,2025-08-11,0,0,0,0,0,0,1,0,0,SINGLE BANNER/VERTICAL,1,1,W2,W2 BRICK,STAYED,2024-08-23,,,,,,,,,,,,,,,,,,,,,,,,,W2 BRICK
-1000004934503850554,2025-07-05,1,0,0,0,0,0,0,0,0,SINGLE BANNER/VERTICAL,1,1,B3,B3 BRICK,STAYED,2025-07-05,,,,,,,,,,,,,,,,,,,,,,,,,B3 BRICK
-1000004944535119290,2025-05-31,0,0,0,0,0,0,1,0,0,SINGLE BANNER/VERTICAL,1,1,W2,W2 BRICK,STAYED,2024-06-10,,,,,,,,,,,,,,,,,,,,,,,,,W2 BRICK
-1000005230088931514,2025-06-30,1,0,0,0,0,0,0,0,0,SINGLE BANNER/VERTICAL,1,1,B3,B3 BRICK,STAYED,2024-08-02,,,,,,,,,,,,,,,,,,,,,,,,,B3 BRICK
-1000005230960213311,2025-08-03,0,0,0,0,1,0,0,0,0,SINGLE BANNER/VERTICAL,1,1,SAMS,SAMS BRICK,STAYED,2022-02-24,,,,,,,,,,,,,,,,,,,,,,,,,SAMS BRICK
-1000005275114894778,2025-08-05,1,0,0,0,0,0,1,0,0,MULTI BANNER/VERTICAL,2,2,B3 > W2,B3 BRICK,W2 BRICK,2024-10-05,W2 BRICK,STAYED,2024-12-07,,,,,,,,,,,,,,,,,,,,,,"B3 BRICK, W2 BRICK"
-1000005544411070715,2025-02-07,1,0,0,1,0,0,0,0,0,MULTI BANNER/VERTICAL,2,2,CASHI > B3,CASHI,B3 BRICK,2025-02-07,B3 BRICK,STAYED,2025-02-07,,,,,,,,,,,,,,,,,,,,,,"B3 BRICK, CASHI"
-1000006044046747514,2025-08-08,1,0,0,0,0,0,1,0,0,MULTI BANNER/VERTICAL,2,2,W2 > B3,W2 BRICK,B3 BRICK,2024-06-10,B3 BRICK,STAYED,2024-06-14,,,,,,,,,,,,,,,,,,,,,,"B3 BRICK, W2 BRICK"
-1000006267544770559,2024-10-23,0,0,0,0,1,0,0,0,0,SINGLE BANNER/VERTICAL,1,1,SAMS,SAMS BRICK,STAYED,2021-05-14,,,,,,,,,,,,,,,,,,,,,,,,,SAMS BRICK
-1000006329600559738,2024-08-02,0,0,0,0,0,0,1,0,0,SINGLE BANNER/VERTICAL,1,1,W2,W2 BRICK,STAYED,2024-08-02,,,,,,,,,,,,,,,,,,,,,,,,,W2 BRICK
-1000006374626523002,2025-07-04,0,0,0,0,0,0,1,0,0,SINGLE BANNER/VERTICAL,1,1,W2,W2 BRICK,STAYED,2024-10-05,,,,,,,,,,,,,,,,,,,,,,,,,W2 BRICK
-1000006590015857788,2025-07-28,0,0,0,0,1,1,0,1,0,MULTI BANNER/VERTICAL,3,2,SAMS > W2,SAMS BRICK,SAMS OD,2021-02-06,SAMS OD,W2 EA,2024-08-31,W2 EA,STAYED,2024-12-23,,,,,,,,,,,,,,,,,,,"SAMS BRICK, SAMS OD, W2 EA"
-1000007282479636090,2025-08-06,1,0,0,0,0,0,0,0,0,SINGLE BANNER/VERTICAL,1,1,B3,B3 BRICK,STAYED,2022-04-11,,,,,,,,,,,,,,,,,,,,,,,,,B3 BRICK
-100000729081804602,2025-07-24,1,0,0,0,0,0,0,0,0,SINGLE BANNER/VERTICAL,1,1,B3,B3 BRICK,STAYED,2024-12-24,,,,,,,,,,,,,,,,,,,,,,,,,B3 BRICK
-1000007306827470843,2024-11-18,0,0,0,1,0,0,1,0,0,MULTI BANNER/VERTICAL,2,2,CASHI > W2,CASHI,W2 BRICK,2024-11-18,W2 BRICK,STAYED,2024-11-18,,,,,,,,,,,,,,,,,,,,,,"CASHI, W2 BRICK"
-1000007343241033658,2025-05-14,1,0,0,0,0,0,0,0,0,SINGLE BANNER/VERTICAL,1,1,B3,B3 BRICK,STAYED,2024-11-26,,,,,,,,,,,,,,,,,,,,,,,,,B3 BRICK
-1000007429112187898,2025-08-13,1,0,0,0,0,0,1,0,0,MULTI BANNER/VERTICAL,2,2,W2 > B3,W2 BRICK,B3 BRICK,2024-08-02,B3 BRICK,STAYED,2024-11-25,,,,,,,,,,,,,,,,,,,,,,"B3 BRICK, W2 BRICK"
-1000007474138151226,2025-02-17,1,0,0,0,0,0,1,0,0,MULTI BANNER/VERTICAL,2,2,W2 > B3,W2 BRICK,B3 BRICK,2024-10-05,B3 BRICK,STAYED,2025-02-17,,,,,,,,,,,,,,,,,,,,,,"B3 BRICK, W2 BRICK"
-1000008125340473916,2024-03-14,0,0,1,0,0,0,0,0,0,SINGLE BANNER/VERTICAL,1,1,B3,B3 OD,STAYED,2024-03-14,,,,,,,,,,,,,,,,,,,,,,,,,B3 OD
-1000008169189238396,2025-06-07,0,0,0,0,0,0,0,0,1,SINGLE BANNER/VERTICAL,1,1,W2,W2 OD,STAYED,2025-02-13,,,,,,,,,,,,,,,,,,,,,,,,,W2 OD
-1000008243070003962,2024-09-03,1,0,0,0,0,0,0,0,0,SINGLE BANNER/VERTICAL,1,1,B3,B3 BRICK,STAYED,2024-06-10,,,,,,,,,,,,,,,,,,,,,,,,,B3 BRICK
-1000008334025343228,2025-07-23,0,1,0,0,1,0,0,0,0,MULTI BANNER/VERTICAL,2,2,SAMS > B3,SAMS BRICK,B3 EA,2023-05-19,B3 EA,STAYED,2023-06-03,,,,,,,,,,,,,,,,,,,,,,"B3 EA, SAMS BRICK"
-1000008442752661882,2025-07-22,0,0,0,0,0,0,1,0,0,SINGLE BANNER/VERTICAL,1,1,W2,W2 BRICK,STAYED,2024-11-26,,,,,,,,,,,,,,,,,,,,,,,,,W2 BRICK
-100000852773372218,2025-04-03,1,0,0,0,0,0,0,0,0,SINGLE BANNER/VERTICAL,1,1,B3,B3 BRICK,STAYED,2024-12-30,,,,,,,,,,,,,,,,,,,,,,,,,B3 BRICK
-1000008528623816122,2025-07-20,0,0,0,0,0,0,1,0,0,SINGLE BANNER/VERTICAL,1,1,W2,W2 BRICK,STAYED,2024-08-02,,,,,,,,,,,,,,,,,,,,,,,,,W2 BRICK
-1000008573649779450,2025-08-02,1,0,0,0,0,0,0,0,0,SINGLE BANNER/VERTICAL,1,1,B3,B3 BRICK,STAYED,2024-10-05,,,,,,,,,,,,,,,,,,,,,,,,,B3 BRICK
-1000009020679544700,2025-04-25,0,0,0,0,1,0,0,0,0,SINGLE BANNER/VERTICAL,1,1,SAMS,SAMS BRICK,STAYED,2021-03-08,,,,,,,,,,,,,,,,,,,,,,,,,SAMS BRICK
-100000924339196282,2025-08-07,1,0,0,0,0,0,0,0,0,SINGLE BANNER/VERTICAL,1,1,B3,B3 BRICK,STAYED,2024-11-01,,,,,,,,,,,,,,,,,,,,,,,,,B3 BRICK
-1000009284841922490,2025-03-16,1,0,0,0,0,0,1,0,0,MULTI BANNER/VERTICAL,2,2,B3 > W2,B3 BRICK,W2 BRICK,2024-12-31,W2 BRICK,STAYED,2025-01-26,,,,,,,,,,,,,,,,,,,,,,"B3 BRICK, W2 BRICK"
-1000009342581632186,2025-08-05,1,0,0,0,0,0,1,0,0,MULTI BANNER/VERTICAL,2,2,B3 > W2,B3 BRICK,W2 BRICK,2024-06-10,W2 BRICK,STAYED,2025-06-02,,,,,,,,,,,,,,,,,,,,,,"B3 BRICK, W2 BRICK"
-1000009380551119999,2025-08-10,0,0,0,0,1,1,0,0,0,SINGLE BANNER/VERTICAL,2,1,SAMS,SAMS OD,SAMS BRICK,2025-05-31,SAMS BRICK,STAYED,2025-06-08,,,,,,,,,,,,,,,,,,,,,,"SAMS BRICK, SAMS OD"
-1000009481502892538,2025-07-31,1,0,0,0,0,0,1,0,0,MULTI BANNER/VERTICAL,2,2,B3 > W2,B3 BRICK,W2 BRICK,2022-04-11,W2 BRICK,STAYED,2022-11-18,,,,,,,,,,,,,,,,,,,,,,"B3 BRICK, W2 BRICK"
-1000009628135444346,2025-07-29,1,0,0,0,0,0,1,0,0,MULTI BANNER/VERTICAL,2,2,W2 > B3,W2 BRICK,B3 BRICK,2024-08-02,B3 BRICK,STAYED,2025-03-27,,,,,,,,,,,,,,,,,,,,,,"B3 BRICK, W2 BRICK"
-1000009673161407674,2024-10-05,1,0,0,0,0,0,0,0,0,SINGLE BANNER/VERTICAL,1,1,B3,B3 BRICK,STAYED,2024-10-05,,,,,,,,,,,,,,,,,,,,,,,,,B3 BRICK
-1000010298819334523,2025-02-22,1,0,0,1,0,0,0,0,0,MULTI BANNER/VERTICAL,2,2,B3 > CASHI,B3 BRICK,CASHI,2025-02-22,CASHI,STAYED,2025-02-22,,,,,,,,,,,,,,,,,,,,,,"B3 BRICK, CASHI"
-1000010384353550714,2024-12-31,1,0,0,0,0,0,0,0,0,SINGLE BANNER/VERTICAL,1,1,B3,B3 BRICK,STAYED,2024-12-31,,,,,,,,,,,,,,,,,,,,,,,,,B3 BRICK
-1000010442093260346,2025-04-30,1,0,0,0,0,0,1,0,0,MULTI BANNER/VERTICAL,2,2,W2 > B3,W2 BRICK,B3 BRICK,2024-06-10,B3 BRICK,STAYED,2024-09-30,,,,,,,,,,,,,,,,,,,,,,"B3 BRICK, W2 BRICK"
-1000010612337932986,2025-06-23,1,0,0,0,0,0,1,0,0,MULTI BANNER/VERTICAL,2,2,W2 > B3,W2 BRICK,B3 BRICK,2024-11-10,B3 BRICK,STAYED,2025-03-15,,,,,,,,,,,,,,,,,,,,,,"B3 BRICK, W2 BRICK"
-1000010727647072570,2025-06-01,1,0,0,0,0,0,1,0,0,MULTI BANNER/VERTICAL,2,2,B3 > W2,B3 BRICK,W2 BRICK,2024-08-02,W2 BRICK,STAYED,2025-05-29,,,,,,,,,,,,,,,,,,,,,,"B3 BRICK, W2 BRICK"
-1000010747342176698,2025-08-13,1,0,0,0,0,0,1,0,0,MULTI BANNER/VERTICAL,2,2,W2 > B3,W2 BRICK,B3 BRICK,2024-06-14,B3 BRICK,STAYED,2024-09-05,,,,,,,,,,,,,,,,,,,,,,"B3 BRICK, W2 BRICK"
-1000011711849561210,2024-11-10,1,0,0,0,0,0,0,0,0,SINGLE BANNER/VERTICAL,1,1,B3,B3 BRICK,STAYED,2024-11-10,,,,,,,,,,,,,,,,,,,,,,,,,B3 BRICK
-1000011741287546490,2025-05-21,1,0,0,0,0,0,1,0,0,MULTI BANNER/VERTICAL,2,2,W2 > B3,W2 BRICK,B3 BRICK,2024-11-26,B3 BRICK,STAYED,2024-11-29,,,,,,,,,,,,,,,,,,,,,,"B3 BRICK, W2 BRICK"
-1000011923989727739,2024-01-06,0,0,0,1,0,0,1,0,0,MULTI BANNER/VERTICAL,2,2,CASHI > W2,CASHI,W2 BRICK,2024-01-06,W2 BRICK,STAYED,2024-01-06,,,,,,,,,,,,,,,,,,,,,,"CASHI, W2 BRICK"
-1000012217678962171,2025-06-26,1,0,0,1,0,0,0,0,0,MULTI BANNER/VERTICAL,2,2,CASHI > B3,CASHI,B3 BRICK,2025-06-26,B3 BRICK,STAYED,2025-06-26,,,,,,,,,,,,,,,,,,,,,,"B3 BRICK, CASHI"
-10000123483388603,2025-07-30,0,0,0,1,0,0,1,0,0,MULTI BANNER/VERTICAL,2,2,CASHI > W2,CASHI,W2 BRICK,2025-07-30,W2 BRICK,STAYED,2025-07-30,,,,,,,,,,,,,,,,,,,,,,"CASHI, W2 BRICK"
-1000012433015939323,2024-11-07,0,0,0,1,0,0,1,0,0,MULTI BANNER/VERTICAL,2,2,CASHI > W2,CASHI,W2 BRICK,2024-11-07,W2 BRICK,STAYED,2024-11-07,,,,,,,,,,,,,,,,,,,,,,"CASHI, W2 BRICK"
-1000012571234889466,2025-08-08,1,0,0,0,0,0,0,0,0,SINGLE BANNER/VERTICAL,1,1,B3,B3 BRICK,STAYED,2024-08-23,,,,,,,,,,,,,,,,,,,,,,,,,B3 BRICK
-1000012583376807162,2025-04-27,1,0,0,0,0,0,0,0,0,SINGLE BANNER/VERTICAL,1,1,B3,B3 BRICK,STAYED,2024-12-31,,,,,,,,,,,,,,,,,,,,,,,,,B3 BRICK
-1000012780037777146,2025-07-19,0,0,0,0,0,0,1,0,0,SINGLE BANNER/VERTICAL,1,1,W2,W2 BRICK,STAYED,2022-05-11,,,,,,,,,,,,,,,,,,,,,,,,,W2 BRICK
-1000012798157359290,2025-03-11,1,0,0,0,0,0,0,0,0,SINGLE BANNER/VERTICAL,1,1,B3,B3 BRICK,STAYED,2025-03-11,,,,,,,,,,,,,,,,,,,,,,,,,B3 BRICK
-1000012807213510975,2025-07-31,0,0,0,0,1,0,0,0,0,SINGLE BANNER/VERTICAL,1,1,SAMS,SAMS BRICK,STAYED,2022-10-19,,,,,,,,,,,,,,,,,,,,,,,,,SAMS BRICK
-1000012837074341244,2025-06-06,0,0,0,0,0,0,0,0,1,SINGLE BANNER/VERTICAL,1,1,W2,W2 OD,STAYED,2025-04-23,,,,,,,,,,,,,,,,,,,,,,,,,W2 OD
-1000012840799174714,2025-07-29,1,0,0,0,0,0,1,0,0,MULTI BANNER/VERTICAL,2,2,B3 > W2,B3 BRICK,W2 BRICK,2024-11-26,W2 BRICK,STAYED,2025-07-29,,,,,,,,,,,,,,,,,,,,,,"B3 BRICK, W2 BRICK"
-1000012946365433082,2025-02-20,1,0,0,0,0,0,1,0,0,MULTI BANNER/VERTICAL,2,2,B3 > W2,B3 BRICK,W2 BRICK,2024-06-14,W2 BRICK,STAYED,2025-02-20,,,,,,,,,,,,,,,,,,,,,,"B3 BRICK, W2 BRICK"
-1000013168291292479,2025-08-03,0,0,0,0,1,0,0,0,0,SINGLE BANNER/VERTICAL,1,1,SAMS,SAMS BRICK,STAYED,2021-02-07,,,,,,,,,,,,,,,,,,,,,,,,,SAMS BRICK
-1000013399706519292,2024-04-29,0,0,0,0,0,0,0,0,1,SINGLE BANNER/VERTICAL,1,1,W2,W2 OD,STAYED,2024-04-29,,,,,,,,,,,,,,,,,,,,,,,,,W2 OD
-1000013495988845307,2025-07-01,1,0,0,1,0,0,0,0,0,MULTI BANNER/VERTICAL,2,2,B3 > CASHI,CASHI,B3 BRICK,2025-07-01,B3 BRICK,STAYED,2025-07-01,,,,,,,,,,,,,,,,,,,,,,"B3 BRICK, CASHI"
-1000013670746517690,2024-12-05,1,0,0,0,0,0,1,0,0,MULTI BANNER/VERTICAL,2,2,W2 > B3,W2 BRICK,B3 BRICK,2024-08-23,B3 BRICK,STAYED,2024-12-05,,,,,,,,,,,,,,,,,,,,,,"B3 BRICK, W2 BRICK"
-1000013682888435322,2024-12-31,1,0,0,0,0,0,0,0,0,SINGLE BANNER/VERTICAL,1,1,B3,B3 BRICK,STAYED,2024-12-31,,,,,,,,,,,,,,,,,,,,,,,,,B3 BRICK
-1000013740628145018,2025-08-06,1,0,0,0,0,0,1,0,0,MULTI BANNER/VERTICAL,2,2,B3 > W2,B3 BRICK,W2 BRICK,2024-06-10,W2 BRICK,STAYED,2024-09-11,,,,,,,,,,,,,,,,,,,,,,"B3 BRICK, W2 BRICK"
-1000013879549405370,2024-02-21,1,0,0,0,0,0,0,0,0,SINGLE BANNER/VERTICAL,1,1,B3,B3 BRICK,STAYED,2022-04-11,,,,,,,,,,,,,,,,,,,,,,,,,B3 BRICK
-1000013910872817594,2024-11-10,1,0,0,0,0,0,0,0,0,SINGLE BANNER/VERTICAL,1,1,B3,B3 BRICK,STAYED,2024-11-10,,,,,,,,,,,,,,,,,,,,,,,,,B3 BRICK
-1000013940310802938,2024-11-26,1,0,0,0,0,0,0,0,0,SINGLE BANNER/VERTICAL,1,1,B3,B3 BRICK,STAYED,2024-11-26,,,,,,,,,,,,,,,,,,,,,,,,,B3 BRICK
-10000141961180026,2024-08-25,1,0,0,0,0,0,0,0,0,SINGLE BANNER/VERTICAL,1,1,B3,B3 BRICK,STAYED,2024-07-23,,,,,,,,,,,,,,,,,,,,,,,,,B3 BRICK
-1000014770258145914,2025-08-11,1,0,0,0,0,0,1,0,0,MULTI BANNER/VERTICAL,2,2,B3 > W2,B3 BRICK,W2 BRICK,2024-08-23,W2 BRICK,STAYED,2024-10-14,,,,,,,,,,,,,,,,,,,,,,"B3 BRICK, W2 BRICK"
-1000014840139773242,2025-08-05,1,0,0,0,0,0,1,0,0,MULTI BANNER/VERTICAL,2,2,B3 > W2,B3 BRICK,W2 BRICK,2024-06-10,W2 BRICK,STAYED,2024-06-25,,,,,,,,,,,,,,,,,,,,,,"B3 BRICK, W2 BRICK"
-1000014878760397563,2024-04-16,1,0,0,1,0,0,0,0,0,MULTI BANNER/VERTICAL,2,2,B3 > CASHI,B3 BRICK,CASHI,2024-04-16,CASHI,STAYED,2024-04-16,,,,,,,,,,,,,,,,,,,,,,"B3 BRICK, CASHI"
-1000015010384445818,2025-08-02,1,0,0,0,0,0,0,0,0,SINGLE BANNER/VERTICAL,1,1,B3,B3 BRICK,STAYED,2024-11-10,,,,,,,,,,,,,,,,,,,,,,,,,B3 BRICK
-1000015145388689530,2025-08-05,1,0,0,0,0,0,0,0,0,SINGLE BANNER/VERTICAL,1,1,B3,B3 BRICK,STAYED,2024-06-14,,,,,,,,,,,,,,,,,,,,,,,,,B3 BRICK
-1000015170719548730,2024-10-05,1,0,0,0,0,0,0,0,0,SINGLE BANNER/VERTICAL,1,1,B3,B3 BRICK,STAYED,2024-10-05,,,,,,,,,,,,,,,,,,,,,,,,,B3 BRICK
-100001565783016635,2024-03-11,0,0,0,1,0,0,1,0,0,MULTI BANNER/VERTICAL,2,2,W2 > CASHI,W2 BRICK,CASHI,2024-03-11,CASHI,STAYED,2024-03-11,,,,,,,,,,,,,,,,,,,,,,"CASHI, W2 BRICK"
-1000015869769774074,2025-07-21,1,0,0,0,0,0,0,0,0,SINGLE BANNER/VERTICAL,1,1,B3,B3 BRICK,STAYED,2024-08-23,,,,,,,,,,,,,,,,,,,,,,,,,B3 BRICK
-1000015881911691770,2025-07-03,1,0,0,0,0,0,1,0,0,MULTI BANNER/VERTICAL,2,2,B3 > W2,B3 BRICK,W2 BRICK,2024-12-31,W2 BRICK,STAYED,2025-02-02,,,,,,,,,,,,,,,,,,,,,,"B3 BRICK, W2 BRICK"
-1000015907789608378,2025-04-05,1,0,0,0,0,0,0,0,0,SINGLE BANNER/VERTICAL,1,1,B3,B3 BRICK,STAYED,2025-04-05,,,,,,,,,,,,,,,,,,,,,,,,,B3 BRICK
-1000016109896074042,2025-08-05,1,0,0,0,0,0,1,0,0,MULTI BANNER/VERTICAL,2,2,W2 > B3,W2 BRICK,B3 BRICK,2024-11-10,B3 BRICK,STAYED,2024-11-21,,,,,,,,,,,,,,,,,,,,,,"B3 BRICK, W2 BRICK"
-1000016139334059322,2024-11-26,1,0,0,0,0,0,0,0,0,SINGLE BANNER/VERTICAL,1,1,B3,B3 BRICK,STAYED,2024-11-26,,,,,,,,,,,,,,,,,,,,,,,,,B3 BRICK
-1000016244900317754,2025-08-11,1,0,0,0,0,0,1,0,0,MULTI BANNER/VERTICAL,2,2,B3 > W2,B3 BRICK,W2 BRICK,2024-06-14,W2 BRICK,STAYED,2024-09-21,,,,,,,,,,,,,,,,,,,,,,"B3 BRICK, W2 BRICK"
-1000016270231176890,2024-10-05,1,0,0,0,0,0,0,0,0,SINGLE BANNER/VERTICAL,1,1,B3,B3 BRICK,STAYED,2024-10-05,,,,,,,,,,,,,,,,,,,,,,,,,B3 BRICK
-100001633970911228,2025-08-06,1,0,0,0,0,0,1,0,1,MULTI BANNER/VERTICAL,3,2,W2 > B3,W2 OD,W2 BRICK,2022-11-30,W2 BRICK,B3 BRICK,2024-06-23,B3 BRICK,STAYED,2024-09-01,,,,,,,,,,,,,,,,,,,"B3 BRICK, W2 BRICK, W2 OD"
-100001641935862842,2025-06-09,1,0,0,0,0,0,0,0,0,SINGLE BANNER/VERTICAL,1,1,B3,B3 BRICK,STAYED,2025-02-01,,,,,,,,,,,,,,,,,,,,,,,,,B3 BRICK
-1000016969281402298,2025-07-31,1,0,0,0,0,0,0,0,0,SINGLE BANNER/VERTICAL,1,1,B3,B3 BRICK,STAYED,2024-08-23,,,,,,,,,,,,,,,,,,,,,,,,,B3 BRICK
-1000016981423319994,2024-12-31,1,0,0,0,0,0,0,0,0,SINGLE BANNER/VERTICAL,1,1,B3,B3 BRICK,STAYED,2024-12-31,,,,,,,,,,,,,,,,,,,,,,,,,B3 BRICK
-1000017140288258815,2025-08-07,1,0,0,0,1,0,1,0,0,MULTI BANNER/VERTICAL,3,3,W2 > B3 > SAMS,W2 BRICK,B3 BRICK,2024-06-13,B3 BRICK,SAMS BRICK,2024-09-11,SAMS BRICK,STAYED,2025-05-07,,,,,,,,,,,,,,,,,,,"B3 BRICK, SAMS BRICK, W2 BRICK"
-1000017238845687546,2025-03-29,1,0,0,0,0,0,0,0,0,SINGLE BANNER/VERTICAL,1,1,B3,B3 BRICK,STAYED,2024-11-26,,,,,,,,,,,,,,,,,,,,,,,,,B3 BRICK
-1000017728075077628,2025-08-03,1,0,0,0,0,0,0,0,0,SINGLE BANNER/VERTICAL,1,1,B3,B3 BRICK,STAYED,2024-06-06,,,,,,,,,,,,,,,,,,,,,,,,,B3 BRICK
-100001791304414463,2025-03-05,0,0,0,0,1,0,0,0,1,MULTI BANNER/VERTICAL,2,2,SAMS > W2,SAMS BRICK,W2 OD,2024-07-13,W2 OD,STAYED,2025-01-30,,,,,,,,,,,,,,,,,,,,,,"SAMS BRICK, W2 OD"
-1000018000498544506,2024-12-30,1,0,0,0,0,0,0,0,0,SINGLE BANNER/VERTICAL,1,1,B3,B3 BRICK,STAYED,2024-10-07,,,,,,,,,,,,,,,,,,,,,,,,,B3 BRICK
-1000018068793030522,2024-08-26,1,0,0,0,0,0,0,0,0,SINGLE BANNER/VERTICAL,1,1,B3,B3 BRICK,STAYED,2024-08-23,,,,,,,,,,,,,,,,,,,,,,,,,B3 BRICK
-100001828593432826,2024-12-24,0,0,0,0,0,0,1,0,0,SINGLE BANNER/VERTICAL,1,1,W2,W2 BRICK,STAYED,2024-12-24,,,,,,,,,,,,,,,,,,,,,,,,,W2 BRICK
-1000018295715500346,2025-03-11,1,0,0,0,0,0,0,0,0,SINGLE BANNER/VERTICAL,1,1,B3,B3 BRICK,STAYED,2025-03-11,,,,,,,,,,,,,,,,,,,,,,,,,B3 BRICK
-1000018308919330490,2025-08-08,1,0,0,0,0,0,0,0,0,SINGLE BANNER/VERTICAL,1,1,B3,B3 BRICK,STAYED,2024-11-10,,,,,,,,,,,,,,,,,,,,,,,,,B3 BRICK
-1000018332112254202,2025-08-03,1,0,0,0,0,0,0,0,0,SINGLE BANNER/VERTICAL,1,1,B3,B3 BRICK,STAYED,2025-08-03,,,,,,,,,,,,,,,,,,,,,,,,,B3 BRICK
-1000018338357315770,2024-11-26,0,0,0,0,0,0,1,0,0,SINGLE BANNER/VERTICAL,1,1,W2,W2 BRICK,STAYED,2024-11-26,,,,,,,,,,,,,,,,,,,,,,,,,W2 BRICK
-1000018358090675836,2024-11-16,0,1,0,0,0,0,0,0,0,SINGLE BANNER/VERTICAL,1,1,B3,B3 EA,STAYED,2023-10-22,,,,,,,,,,,,,,,,,,,,,,,,,B3 EA
-1000018443923574138,2025-07-28,1,0,0,0,0,0,1,0,0,MULTI BANNER/VERTICAL,2,2,B3 > W2,B3 BRICK,W2 BRICK,2024-06-14,W2 BRICK,STAYED,2024-12-22,,,,,,,,,,,,,,,,,,,,,,"B3 BRICK, W2 BRICK"
-1000019100010172666,2025-07-27,0,0,0,0,0,0,1,0,0,SINGLE BANNER/VERTICAL,1,1,W2,W2 BRICK,STAYED,2024-10-07,,,,,,,,,,,,,,,,,,,,,,,,,W2 BRICK
-1000019168304658746,2025-08-09,1,0,0,0,0,0,1,0,0,MULTI BANNER/VERTICAL,2,2,B3 > W2,B3 BRICK,W2 BRICK,2024-08-23,W2 BRICK,STAYED,2025-01-11,,,,,,,,,,,,,,,,,,,,,,"B3 BRICK, W2 BRICK"
-1000019173195843515,2025-02-28,1,0,0,1,0,0,0,0,0,MULTI BANNER/VERTICAL,2,2,B3 > CASHI,CASHI,B3 BRICK,2025-02-28,B3 BRICK,STAYED,2025-02-28,,,,,,,,,,,,,,,,,,,,,,"B3 BRICK, CASHI"
-1000019408430958650,2025-05-24,1,0,0,0,0,0,0,0,0,SINGLE BANNER/VERTICAL,1,1,B3,B3 BRICK,STAYED,2024-11-10,,,,,,,,,,,,,,,,,,,,,,,,,B3 BRICK
-1000019431623882426,2025-08-05,1,0,0,0,0,0,0,0,0,SINGLE BANNER/VERTICAL,1,1,B3,B3 BRICK,STAYED,2025-08-03,,,,,,,,,,,,,,,,,,,,,,,,,B3 BRICK
-1000019437868943930,2025-08-10,1,0,0,0,0,0,1,0,0,MULTI BANNER/VERTICAL,2,2,W2 > B3,W2 BRICK,B3 BRICK,2024-11-26,B3 BRICK,STAYED,2024-11-27,,,,,,,,,,,,,,,,,,,,,,"B3 BRICK, W2 BRICK"
-100001952285000442,2024-12-30,1,0,0,0,0,0,0,0,0,SINGLE BANNER/VERTICAL,1,1,B3,B3 BRICK,STAYED,2024-12-30,,,,,,,,,,,,,,,,,,,,,,,,,B3 BRICK
-1000019543435202362,2025-06-23,1,0,0,0,0,0,1,0,0,MULTI BANNER/VERTICAL,2,2,B3 > W2,B3 BRICK,W2 BRICK,2024-06-14,W2 BRICK,STAYED,2024-08-25,,,,,,,,,,,,,,,,,,,,,,"B3 BRICK, W2 BRICK"
-1000020199521800890,2025-03-23,1,0,0,0,0,0,0,0,0,SINGLE BANNER/VERTICAL,1,1,B3,B3 BRICK,STAYED,2024-10-07,,,,,,,,,,,,,,,,,,,,,,,,,B3 BRICK
-100002023850824506,2024-11-01,1,0,0,0,0,0,0,0,0,SINGLE BANNER/VERTICAL,1,1,B3,B3 BRICK,STAYED,2024-11-01,,,,,,,,,,,,,,,,,,,,,,,,,B3 BRICK
-1000020267816286906,2024-12-31,1,0,0,0,0,0,0,0,0,SINGLE BANNER/VERTICAL,1,1,B3,B3 BRICK,STAYED,2024-08-23,,,,,,,,,,,,,,,,,,,,,,,,,B3 BRICK
-1000020494738756794,2025-03-11,1,0,0,0,0,0,0,0,0,SINGLE BANNER/VERTICAL,1,1,B3,B3 BRICK,STAYED,2025-03-11,,,,,,,,,,,,,,,,,,,,,,,,,B3 BRICK
-1000020507942586874,2025-04-03,0,0,0,0,0,0,1,0,0,SINGLE BANNER/VERTICAL,1,1,W2,W2 BRICK,STAYED,2024-11-10,,,,,,,,,,,,,,,,,,,,,,,,,W2 BRICK
-1000020642946830586,2025-02-10,1,0,0,0,0,0,1,0,0,MULTI BANNER/VERTICAL,2,2,B3 > W2,B3 BRICK,W2 BRICK,2024-06-14,W2 BRICK,STAYED,2024-07-11,,,,,,,,,,,,,,,,,,,,,,"B3 BRICK, W2 BRICK"
-100002094394231930,2025-07-06,1,0,0,0,0,0,0,0,0,SINGLE BANNER/VERTICAL,1,1,B3,B3 BRICK,STAYED,2025-07-06,,,,,,,,,,,,,,,,,,,,,,,,,B3 BRICK
-1000021012509918778,2025-08-13,1,0,0,0,0,0,0,0,0,SINGLE BANNER/VERTICAL,1,1,B3,B3 BRICK,STAYED,2024-10-18,,,,,,,,,,,,,,,,,,,,,,,,,B3 BRICK
-1000021299033429114,2025-07-30,0,0,0,0,0,0,1,0,0,SINGLE BANNER/VERTICAL,1,1,W2,W2 BRICK,STAYED,2024-10-07,,,,,,,,,,,,,,,,,,,,,,,,,W2 BRICK
-1000021391028410684,2024-08-29,0,0,0,0,0,0,0,0,1,SINGLE BANNER/VERTICAL,1,1,W2,W2 OD,STAYED,2024-08-29,,,,,,,,,,,,,,,,,,,,,,,,,W2 OD
-1000021594250384954,2025-03-11,1,0,0,0,0,0,0,0,0,SINGLE BANNER/VERTICAL,1,1,B3,B3 BRICK,STAYED,2025-03-11,,,,,,,,,,,,,,,,,,,,,,,,,B3 BRICK
-100002161908712570,2025-05-10,0,0,0,0,0,0,1,0,0,SINGLE BANNER/VERTICAL,1,1,W2,W2 BRICK,STAYED,2025-05-10,,,,,,,,,,,,,,,,,,,,,,,,,W2 BRICK
-1000021630647138810,2025-08-03,0,0,0,0,0,0,1,0,0,SINGLE BANNER/VERTICAL,1,1,W2,W2 BRICK,STAYED,2025-08-03,,,,,,,,,,,,,,,,,,,,,,,,,W2 BRICK
-1000022024749477050,2025-08-10,1,0,0,0,0,0,0,0,0,SINGLE BANNER/VERTICAL,1,1,B3,B3 BRICK,STAYED,2024-11-03,,,,,,,,,,,,,,,,,,,,,,,,,B3 BRICK
-1000022112021546938,2024-10-18,1,0,0,0,0,0,0,0,0,SINGLE BANNER/VERTICAL,1,1,B3,B3 BRICK,STAYED,2024-10-18,,,,,,,,,,,,,,,,,,,,,,,,,B3 BRICK
-1000022398545057338,2024-10-07,0,0,0,0,0,0,1,0,0,SINGLE BANNER/VERTICAL,1,1,W2,W2 BRICK,STAYED,2024-10-07,,,,,,,,,,,,,,,,,,,,,,,,,W2 BRICK
-1000022693762013178,2025-04-14,1,0,0,0,0,0,0,0,0,SINGLE BANNER/VERTICAL,1,1,B3,B3 BRICK,STAYED,2025-03-11,,,,,,,,,,,,,,,,,,,,,,,,,B3 BRICK
-1000022730158767034,2025-08-03,1,0,0,0,0,0,0,0,0,SINGLE BANNER/VERTICAL,1,1,B3,B3 BRICK,STAYED,2025-08-03,,,,,,,,,,,,,,,,,,,,,,,,,B3 BRICK
-1000022857944078331,2024-11-17,1,0,0,1,0,0,0,0,0,MULTI BANNER/VERTICAL,2,2,CASHI > B3,B3 BRICK,CASHI,2024-11-17,CASHI,STAYED,2024-11-17,,,,,,,,,,,,,,,,,,,,,,"B3 BRICK, CASHI"
-1000023177213822655,2025-07-16,0,0,0,0,1,0,0,0,0,SINGLE BANNER/VERTICAL,1,1,SAMS,SAMS BRICK,STAYED,2022-08-24,,,,,,,,,,,,,,,,,,,,,,,,,SAMS BRICK
-1000023498056685562,2024-10-07,0,0,0,0,0,0,1,0,0,SINGLE BANNER/VERTICAL,1,1,W2,W2 BRICK,STAYED,2024-10-07,,,,,,,,,,,,,,,,,,,,,,,,,W2 BRICK
-1000023598570722043,2025-07-26,1,0,0,1,0,0,1,0,0,MULTI BANNER/VERTICAL,3,3,CASHI > B3 > W2,B3 BRICK,CASHI,2024-05-02,CASHI,W2 BRICK,2024-05-02,W2 BRICK,STAYED,2024-05-15,,,,,,,,,,,,,,,,,,,"B3 BRICK, CASHI, W2 BRICK"
-1000023745341722362,2025-02-03,1,0,0,0,0,0,0,0,0,SINGLE BANNER/VERTICAL,1,1,B3,B3 BRICK,STAYED,2025-02-03,,,,,,,,,,,,,,,,,,,,,,,,,B3 BRICK
-1000023829670395258,2025-08-07,0,0,0,0,0,0,1,0,0,SINGLE BANNER/VERTICAL,1,1,W2,W2 BRICK,STAYED,2025-08-03,,,,,,,,,,,,,,,,,,,,,,,,,W2 BRICK
-1000023830637478331,2024-03-12,1,0,0,1,0,0,0,0,0,MULTI BANNER/VERTICAL,2,2,CASHI > B3,B3 BRICK,CASHI,2024-03-12,CASHI,STAYED,2024-03-12,,,,,,,,,,,,,,,,,,,,,,"B3 BRICK, CASHI"
-100002405012878202,2025-07-28,1,0,0,0,0,0,1,0,0,MULTI BANNER/VERTICAL,2,2,B3 > W2,B3 BRICK,W2 BRICK,2024-06-12,W2 BRICK,STAYED,2025-03-07,,,,,,,,,,,,,,,,,,,,,,"B3 BRICK, W2 BRICK"
-1000024597568313722,2024-11-15,1,0,0,0,0,0,0,0,0,SINGLE BANNER/VERTICAL,1,1,B3,B3 BRICK,STAYED,2024-10-07,,,,,,,,,,,,,,,,,,,,,,,,,B3 BRICK
-1000024703882634042,2025-07-31,1,0,0,0,0,0,0,0,0,SINGLE BANNER/VERTICAL,1,1,B3,B3 BRICK,STAYED,2025-07-31,,,,,,,,,,,,,,,,,,,,,,,,,B3 BRICK
-1000024844853350586,2025-02-03,1,0,0,0,0,0,0,0,0,SINGLE BANNER/VERTICAL,1,1,B3,B3 BRICK,STAYED,2025-02-03,,,,,,,,,,,,,,,,,,,,,,,,,B3 BRICK
-1000024892785269626,2025-03-11,0,0,0,0,0,0,1,0,0,SINGLE BANNER/VERTICAL,1,1,W2,W2 BRICK,STAYED,2025-03-11,,,,,,,,,,,,,,,,,,,,,,,,,W2 BRICK
-1000024929182023482,2025-08-03,1,0,0,0,0,0,0,0,0,SINGLE BANNER/VERTICAL,1,1,B3,B3 BRICK,STAYED,2025-08-03,,,,,,,,,,,,,,,,,,,,,,,,,B3 BRICK
-1000025697079941946,2024-10-21,1,0,0,0,0,0,0,0,0,SINGLE BANNER/VERTICAL,1,1,B3,B3 BRICK,STAYED,2024-10-07,,,,,,,,,,,,,,,,,,,,,,,,,B3 BRICK
-1000025803394262266,2025-05-24,1,0,0,0,0,0,1,0,0,MULTI BANNER/VERTICAL,2,2,W2 > B3,W2 BRICK,B3 BRICK,2025-04-05,B3 BRICK,STAYED,2025-05-24,,,,,,,,,,,,,,,,,,,,,,"B3 BRICK, W2 BRICK"
-10000258576836026,2025-03-04,1,0,0,0,0,0,0,0,0,SINGLE BANNER/VERTICAL,1,1,B3,B3 BRICK,STAYED,2025-03-04,,,,,,,,,,,,,,,,,,,,,,,,,B3 BRICK
-1000026028693651706,2025-08-03,1,0,0,0,0,0,0,0,0,SINGLE BANNER/VERTICAL,1,1,B3,B3 BRICK,STAYED,2025-08-03,,,,,,,,,,,,,,,,,,,,,,,,,B3 BRICK
-1000026902905890490,2025-08-10,1,0,0,0,0,0,0,0,0,SINGLE BANNER/VERTICAL,1,1,B3,B3 BRICK,STAYED,2025-04-05,,,,,,,,,,,,,,,,,,,,,,,,,B3 BRICK
-100002707093290426,2025-06-21,1,0,0,0,0,0,0,0,0,SINGLE BANNER/VERTICAL,1,1,B3,B3 BRICK,STAYED,2025-06-21,,,,,,,,,,,,,,,,,,,,,,,,,B3 BRICK
-1000027123338296187,2025-02-23,1,0,0,1,0,0,0,0,0,MULTI BANNER/VERTICAL,2,2,B3 > CASHI,CASHI,B3 BRICK,2025-02-23,B3 BRICK,STAYED,2025-02-23,,,,,,,,,,,,,,,,,,,,,,"B3 BRICK, CASHI"
-1000027199240038139,2025-08-07,0,0,0,1,1,0,0,0,0,MULTI BANNER/VERTICAL,2,2,CASHI > SAMS,CASHI,SAMS BRICK,2025-08-07,SAMS BRICK,STAYED,2025-08-07,,,,,,,,,,,,,,,,,,,,,,"CASHI, SAMS BRICK"
-100002760117267707,2025-07-28,1,0,0,1,0,0,1,0,0,MULTI BANNER/VERTICAL,3,3,W2 > CASHI > B3,CASHI,W2 BRICK,2025-01-15,W2 BRICK,B3 BRICK,2025-01-15,B3 BRICK,STAYED,2025-02-02,,,,,,,,,,,,,,,,,,,"B3 BRICK, CASHI, W2 BRICK"
-100002799364577082,2024-10-29,1,0,0,0,0,0,0,0,0,SINGLE BANNER/VERTICAL,1,1,B3,B3 BRICK,STAYED,2024-10-29,,,,,,,,,,,,,,,,,,,,,,,,,B3 BRICK
-1000028995614826618,2024-10-07,1,0,0,0,0,0,0,0,0,SINGLE BANNER/VERTICAL,1,1,B3,B3 BRICK,STAYED,2024-10-07,,,,,,,,,,,,,,,,,,,,,,,,,B3 BRICK
-1000029101929146938,2025-04-12,1,0,0,0,0,0,0,0,0,SINGLE BANNER/VERTICAL,1,1,B3,B3 BRICK,STAYED,2025-04-05,,,,,,,,,,,,,,,,,,,,,,,,,B3 BRICK
-100002928105060986,2025-07-13,1,0,0,0,0,0,0,0,0,SINGLE BANNER/VERTICAL,1,1,B3,B3 BRICK,STAYED,2024-12-24,,,,,,,,,,,,,,,,,,,,,,,,,B3 BRICK
-1000029327228536314,2025-08-03,1,0,0,0,0,0,0,0,0,SINGLE BANNER/VERTICAL,1,1,B3,B3 BRICK,STAYED,2025-08-03,,,,,,,,,,,,,,,,,,,,,,,,,B3 BRICK
-1000029713857730427,2025-08-04,1,0,0,1,0,0,0,0,0,MULTI BANNER/VERTICAL,2,2,B3 > CASHI,CASHI,B3 BRICK,2025-08-04,B3 BRICK,STAYED,2025-08-04,,,,,,,,,,,,,,,,,,,,,,"B3 BRICK, CASHI"
-1000029771219792508,2024-04-23,0,0,1,0,0,0,0,0,0,SINGLE BANNER/VERTICAL,1,1,B3,B3 OD,STAYED,2024-04-23,,,,,,,,,,,,,,,,,,,,,,,,,B3 OD
-1000029808602944442,2024-10-18,1,0,0,0,0,0,0,0,0,SINGLE BANNER/VERTICAL,1,1,B3,B3 BRICK,STAYED,2024-10-18,,,,,,,,,,,,,,,,,,,,,,,,,B3 BRICK
-1000029854289831547,2025-08-05,1,0,0,1,0,0,0,0,0,MULTI BANNER/VERTICAL,2,2,CASHI > B3,CASHI,B3 BRICK,2025-08-05,B3 BRICK,STAYED,2025-08-05,,,,,,,,,,,,,,,,,,,,,,"B3 BRICK, CASHI"
-1000030095126454778,2025-08-13,1,0,0,0,0,0,0,0,0,SINGLE BANNER/VERTICAL,1,1,B3,B3 BRICK,STAYED,2024-10-07,,,,,,,,,,,,,,,,,,,,,,,,,B3 BRICK
-1000030201440775098,2025-04-05,1,0,0,0,0,0,0,0,0,SINGLE BANNER/VERTICAL,1,1,B3,B3 BRICK,STAYED,2025-04-05,,,,,,,,,,,,,,,,,,,,,,,,,B3 BRICK
-1000030342411491642,2025-05-31,1,0,0,0,0,0,0,0,0,SINGLE BANNER/VERTICAL,1,1,B3,B3 BRICK,STAYED,2025-02-03,,,,,,,,,,,,,,,,,,,,,,,,,B3 BRICK
-1000030426740164538,2025-08-03,0,0,0,0,0,0,1,0,0,SINGLE BANNER/VERTICAL,1,1,W2,W2 BRICK,STAYED,2025-08-03,,,,,,,,,,,,,,,,,,,,,,,,,W2 BRICK
-100003051796628602,2024-12-30,1,0,0,0,0,0,0,0,0,SINGLE BANNER/VERTICAL,1,1,B3,B3 BRICK,STAYED,2024-12-30,,,,,,,,,,,,,,,,,,,,,,,,,B3 BRICK
-1000030908114572666,2024-10-18,1,0,0,0,0,0,0,0,0,SINGLE BANNER/VERTICAL,1,1,B3,B3 BRICK,STAYED,2024-10-18,,,,,,,,,,,,,,,,,,,,,,,,,B3 BRICK
-100003123362452730,2025-06-24,1,0,0,0,0,0,0,0,0,SINGLE BANNER/VERTICAL,1,1,B3,B3 BRICK,STAYED,2024-11-01,,,,,,,,,,,,,,,,,,,,,,,,,B3 BRICK
-1000031300952403322,2025-04-05,1,0,0,0,0,0,0,0,0,SINGLE BANNER/VERTICAL,1,1,B3,B3 BRICK,STAYED,2025-04-05,,,,,,,,,,,,,,,,,,,,,,,,,B3 BRICK
-1000031441923119866,2025-02-03,1,0,0,0,0,0,0,0,0,SINGLE BANNER/VERTICAL,1,1,B3,B3 BRICK,STAYED,2025-02-03,,,,,,,,,,,,,,,,,,,,,,,,,B3 BRICK
-1000031623303277627,2025-07-17,1,0,0,1,0,0,0,0,0,MULTI BANNER/VERTICAL,2,2,CASHI > B3,B3 BRICK,CASHI,2025-07-17,CASHI,STAYED,2025-07-17,,,,,,,,,,,,,,,,,,,,,,"B3 BRICK, CASHI"
-1000031653754636156,2025-08-03,1,0,0,0,0,0,1,0,0,MULTI BANNER/VERTICAL,2,2,B3 > W2,B3 BRICK,W2 BRICK,2024-12-03,W2 BRICK,STAYED,2025-05-26,,,,,,,,,,,,,,,,,,,,,,"B3 BRICK, W2 BRICK"
-1000031808737680380,2024-06-01,0,0,1,0,0,0,0,0,0,SINGLE BANNER/VERTICAL,1,1,B3,B3 OD,STAYED,2024-05-31,,,,,,,,,,,,,,,,,,,,,,,,,B3 OD
-1000032007626200890,2025-04-17,0,0,0,0,0,0,1,0,0,SINGLE BANNER/VERTICAL,1,1,W2,W2 BRICK,STAYED,2024-10-18,,,,,,,,,,,,,,,,,,,,,,,,,W2 BRICK
-1000032400464031546,2025-04-05,1,0,0,0,0,0,0,0,0,SINGLE BANNER/VERTICAL,1,1,B3,B3 BRICK,STAYED,2025-04-05,,,,,,,,,,,,,,,,,,,,,,,,,B3 BRICK
-1000032500055561215,2025-07-17,0,0,0,0,1,0,0,0,0,SINGLE BANNER/VERTICAL,1,1,SAMS,SAMS BRICK,STAYED,2021-11-02,,,,,,,,,,,,,,,,,,,,,,,,,SAMS BRICK
-1000032541434748090,2025-02-03,1,0,0,0,0,0,0,0,0,SINGLE BANNER/VERTICAL,1,1,B3,B3 BRICK,STAYED,2025-02-03,,,,,,,,,,,,,,,,,,,,,,,,,B3 BRICK
-100003261420340794,2025-05-10,1,0,0,0,0,0,0,0,0,SINGLE BANNER/VERTICAL,1,1,B3,B3 BRICK,STAYED,2025-05-10,,,,,,,,,,,,,,,,,,,,,,,,,B3 BRICK
-1000033053896973243,2024-11-19,0,0,0,1,0,0,1,0,0,MULTI BANNER/VERTICAL,2,2,CASHI > W2,W2 BRICK,CASHI,2024-11-19,CASHI,STAYED,2024-11-19,,,,,,,,,,,,,,,,,,,,,,"CASHI, W2 BRICK"
-1000033107137829050,2024-10-18,0,0,0,0,0,0,1,0,0,SINGLE BANNER/VERTICAL,1,1,W2,W2 BRICK,STAYED,2024-10-18,,,,,,,,,,,,,,,,,,,,,,,,,W2 BRICK
-1000033535259442235,2025-04-02,1,0,0,1,0,0,0,0,0,MULTI BANNER/VERTICAL,2,2,CASHI > B3,CASHI,B3 BRICK,2025-04-02,B3 BRICK,STAYED,2025-04-02,,,,,,,,,,,,,,,,,,,,,,"B3 BRICK, CASHI"
-1000033640946376250,2025-02-03,1,0,0,0,0,0,0,0,0,SINGLE BANNER/VERTICAL,1,1,B3,B3 BRICK,STAYED,2025-02-03,,,,,,,,,,,,,,,,,,,,,,,,,B3 BRICK
-1000034139726805818,2025-05-01,1,0,0,0,0,0,1,0,0,MULTI BANNER/VERTICAL,2,2,B3 > W2,B3 BRICK,W2 BRICK,2025-02-21,W2 BRICK,STAYED,2025-03-07,,,,,,,,,,,,,,,,,,,,,,"B3 BRICK, W2 BRICK"
-1000034206649457274,2025-04-23,1,0,0,0,0,0,0,0,0,SINGLE BANNER/VERTICAL,1,1,B3,B3 BRICK,STAYED,2024-10-18,,,,,,,,,,,,,,,,,,,,,,,,,B3 BRICK
-1000034295700631295,2025-05-27,0,0,0,0,1,0,0,0,0,SINGLE BANNER/VERTICAL,1,1,SAMS,SAMS BRICK,STAYED,2023-02-27,,,,,,,,,,,,,,,,,,,,,,,,,SAMS BRICK
-1000034360406711487,2025-03-23,0,0,0,0,1,0,0,0,0,SINGLE BANNER/VERTICAL,1,1,SAMS,SAMS BRICK,STAYED,2025-03-23,,,,,,,,,,,,,,,,,,,,,,,,,SAMS BRICK
-100003447120831802,2025-06-24,0,0,0,0,0,0,1,0,0,SINGLE BANNER/VERTICAL,1,1,W2,W2 BRICK,STAYED,2025-06-24,,,,,,,,,,,,,,,,,,,,,,,,,W2 BRICK
-1000034605140677499,2025-04-28,0,0,0,1,0,0,1,0,0,MULTI BANNER/VERTICAL,2,2,W2 > CASHI,W2 BRICK,CASHI,2025-04-28,CASHI,STAYED,2025-04-28,,,,,,,,,,,,,,,,,,,,,,"CASHI, W2 BRICK"
-1000034740458004474,2025-08-13,1,0,0,0,0,0,1,0,0,MULTI BANNER/VERTICAL,2,2,W2 > B3,W2 BRICK,B3 BRICK,2025-02-03,B3 BRICK,STAYED,2025-02-23,,,,,,,,,,,,,,,,,,,,,,"B3 BRICK, W2 BRICK"
-1000035239238434042,2025-02-21,1,0,0,0,0,0,0,0,0,SINGLE BANNER/VERTICAL,1,1,B3,B3 BRICK,STAYED,2025-02-21,,,,,,,,,,,,,,,,,,,,,,,,,B3 BRICK
-1000035306161085498,2025-08-10,1,0,0,0,0,0,0,0,0,SINGLE BANNER/VERTICAL,1,1,B3,B3 BRICK,STAYED,2024-10-18,,,,,,,,,,,,,,,,,,,,,,,,,B3 BRICK
-1000035839969632698,2025-06-12,1,0,0,0,0,0,0,0,0,SINGLE BANNER/VERTICAL,1,1,B3,B3 BRICK,STAYED,2025-02-03,,,,,,,,,,,,,,,,,,,,,,,,,B3 BRICK
-1000035939733184698,2025-08-02,1,0,0,0,0,0,0,0,0,SINGLE BANNER/VERTICAL,1,1,B3,B3 BRICK,STAYED,2025-05-12,,,,,,,,,,,,,,,,,,,,,,,,,B3 BRICK
-1000036155763219386,2025-05-09,1,0,0,0,0,0,0,0,0,SINGLE BANNER/VERTICAL,1,1,B3,B3 BRICK,STAYED,2025-05-09,,,,,,,,,,,,,,,,,,,,,,,,,B3 BRICK
-1000036539246970298,2025-08-13,1,0,0,0,0,0,1,0,0,MULTI BANNER/VERTICAL,2,2,B3 > W2,B3 BRICK,W2 BRICK,2025-07-10,W2 BRICK,STAYED,2025-07-25,,,,,,,,,,,,,,,,,,,,,,"B3 BRICK, W2 BRICK"
-1000036939481260922,2025-02-03,1,0,0,0,0,0,0,0,0,SINGLE BANNER/VERTICAL,1,1,B3,B3 BRICK,STAYED,2025-02-03,,,,,,,,,,,,,,,,,,,,,,,,,B3 BRICK
-1000037145703146747,2025-03-27,0,0,0,1,1,0,1,0,0,MULTI BANNER/VERTICAL,3,3,SAMS > W2 > CASHI,SAMS BRICK,W2 BRICK,2022-04-11,W2 BRICK,CASHI,2025-01-12,CASHI,STAYED,2025-01-12,,,,,,,,,,,,,,,,,,,"CASHI, SAMS BRICK, W2 BRICK"
-1000037505184341882,2024-10-18,1,0,0,0,0,0,0,0,0,SINGLE BANNER/VERTICAL,1,1,B3,B3 BRICK,STAYED,2024-10-18,,,,,,,,,,,,,,,,,,,,,,,,,B3 BRICK
-1000037675970628859,2025-06-02,1,0,0,1,0,0,0,0,0,MULTI BANNER/VERTICAL,2,2,CASHI > B3,CASHI,B3 BRICK,2025-03-11,B3 BRICK,STAYED,2025-03-11,,,,,,,,,,,,,,,,,,,,,,"B3 BRICK, CASHI"
-1000038038992889082,2025-07-30,1,0,0,0,0,0,1,0,0,MULTI BANNER/VERTICAL,2,2,B3 > W2,B3 BRICK,W2 BRICK,2025-02-03,W2 BRICK,STAYED,2025-02-20,,,,,,,,,,,,,,,,,,,,,,"B3 BRICK, W2 BRICK"
-1000038138756441146,2025-05-12,1,0,0,0,0,0,0,0,0,SINGLE BANNER/VERTICAL,1,1,B3,B3 BRICK,STAYED,2025-05-12,,,,,,,,,,,,,,,,,,,,,,,,,B3 BRICK
-1000038316792246271,2025-08-03,0,0,0,0,1,0,0,0,0,SINGLE BANNER/VERTICAL,1,1,SAMS,SAMS BRICK,STAYED,2022-01-02,,,,,,,,,,,,,,,,,,,,,,,,,SAMS BRICK
-1000038354786475834,2025-05-09,1,0,0,0,0,0,0,0,0,SINGLE BANNER/VERTICAL,1,1,B3,B3 BRICK,STAYED,2025-05-09,,,,,,,,,,,,,,,,,,,,,,,,,B3 BRICK
-100003840959119290,2025-02-01,1,0,0,0,0,0,0,0,0,SINGLE BANNER/VERTICAL,1,1,B3,B3 BRICK,STAYED,2025-02-01,,,,,,,,,,,,,,,,,,,,,,,,,B3 BRICK
-1000038537773318714,2025-02-21,1,0,0,0,0,0,0,0,0,SINGLE BANNER/VERTICAL,1,1,B3,B3 BRICK,STAYED,2025-02-21,,,,,,,,,,,,,,,,,,,,,,,,,B3 BRICK
-1000038855135130172,2024-05-01,0,0,1,0,0,0,0,0,0,SINGLE BANNER/VERTICAL,1,1,B3,B3 OD,STAYED,2024-05-01,,,,,,,,,,,,,,,,,,,,,,,,,B3 OD
-100003898876205306,2025-07-07,1,0,0,0,0,0,1,0,0,MULTI BANNER/VERTICAL,2,2,B3 > W2,B3 BRICK,W2 BRICK,2024-10-29,W2 BRICK,STAYED,2025-06-24,,,,,,,,,,,,,,,,,,,,,,"B3 BRICK, W2 BRICK"
-1000039238268069306,2025-05-12,1,0,0,0,0,0,0,0,0,SINGLE BANNER/VERTICAL,1,1,B3,B3 BRICK,STAYED,2025-05-12,,,,,,,,,,,,,,,,,,,,,,,,,B3 BRICK
-1000039361104805951,2025-07-04,0,0,0,0,1,0,0,0,0,SINGLE BANNER/VERTICAL,1,1,SAMS,SAMS BRICK,STAYED,2022-05-31,,,,,,,,,,,,,,,,,,,,,,,,,SAMS BRICK
-1000039454298103994,2025-06-24,1,0,0,0,0,0,0,0,0,SINGLE BANNER/VERTICAL,1,1,B3,B3 BRICK,STAYED,2025-05-09,,,,,,,,,,,,,,,,,,,,,,,,,B3 BRICK
-1000039637284946874,2025-02-21,1,0,0,0,0,0,0,0,0,SINGLE BANNER/VERTICAL,1,1,B3,B3 BRICK,STAYED,2025-02-21,,,,,,,,,,,,,,,,,,,,,,,,,B3 BRICK
-1000039791627892924,2025-07-24,0,0,0,0,1,1,0,0,0,SINGLE BANNER/VERTICAL,2,1,SAMS,SAMS BRICK,SAMS OD,2025-06-16,SAMS OD,STAYED,2025-07-24,,,,,,,,,,,,,,,,,,,,,,"SAMS BRICK, SAMS OD"
-100004027616689210,2024-12-24,1,0,0,0,0,0,0,0,0,SINGLE BANNER/VERTICAL,1,1,B3,B3 BRICK,STAYED,2024-12-24,,,,,,,,,,,,,,,,,,,,,,,,,B3 BRICK
-1000040337779697530,2025-05-12,0,0,0,0,0,0,1,0,0,SINGLE BANNER/VERTICAL,1,1,W2,W2 BRICK,STAYED,2025-05-12,,,,,,,,,,,,,,,,,,,,,,,,,W2 BRICK
-1000040490181687547,2025-01-18,0,0,0,0,1,0,0,0,0,SINGLE BANNER/VERTICAL,1,1,SAMS,SAMS BRICK,STAYED,2023-08-15,,,,,,,,,,,,,,,,,,,,,,,,,SAMS BRICK
-1000040596022508732,2024-09-10,0,0,0,0,0,0,1,0,0,SINGLE BANNER/VERTICAL,1,1,W2,W2 BRICK,STAYED,2024-07-16,,,,,,,,,,,,,,,,,,,,,,,,,W2 BRICK
-1000040736796575098,2025-02-21,1,0,0,0,0,0,0,0,0,SINGLE BANNER/VERTICAL,1,1,B3,B3 BRICK,STAYED,2025-02-21,,,,,,,,,,,,,,,,,,,,,,,,,B3 BRICK
-1000040937293483130,2025-07-10,1,0,0,0,0,0,0,0,0,SINGLE BANNER/VERTICAL,1,1,B3,B3 BRICK,STAYED,2025-07-10,,,,,,,,,,,,,,,,,,,,,,,,,B3 BRICK
-1000041142615343931,2025-01-29,1,0,0,1,0,0,0,0,0,MULTI BANNER/VERTICAL,2,2,B3 > CASHI,CASHI,B3 BRICK,2025-01-29,B3 BRICK,STAYED,2025-01-29,,,,,,,,,,,,,,,,,,,,,,"B3 BRICK, CASHI"
-100004128291480124,2025-08-09,0,0,0,0,0,0,1,0,1,SINGLE BANNER/VERTICAL,2,1,W2,W2 BRICK,W2 OD,2024-08-25,W2 OD,STAYED,2025-05-06,,,,,,,,,,,,,,,,,,,,,,"W2 BRICK, W2 OD"
-1000041424306917244,2025-06-12,0,0,1,0,0,0,0,0,1,MULTI BANNER/VERTICAL,2,2,B3 > W2,B3 OD,W2 OD,2025-05-21,W2 OD,STAYED,2025-06-12,,,,,,,,,,,,,,,,,,,,,,"B3 OD, W2 OD"
-1000041437291325754,2025-05-12,1,0,0,0,0,0,0,0,0,SINGLE BANNER/VERTICAL,1,1,B3,B3 BRICK,STAYED,2025-05-12,,,,,,,,,,,,,,,,,,,,,,,,,B3 BRICK
-100004151308256826,2024-12-30,1,0,0,0,0,0,0,0,0,SINGLE BANNER/VERTICAL,1,1,B3,B3 BRICK,STAYED,2024-12-30,,,,,,,,,,,,,,,,,,,,,,,,,B3 BRICK
-1000041653321360442,2025-05-09,1,0,0,0,0,0,0,0,0,SINGLE BANNER/VERTICAL,1,1,B3,B3 BRICK,STAYED,2025-05-09,,,,,,,,,,,,,,,,,,,,,,,,,B3 BRICK
-1000041836308203322,2025-08-11,1,0,0,0,0,0,0,0,0,SINGLE BANNER/VERTICAL,1,1,B3,B3 BRICK,STAYED,2025-02-21,,,,,,,,,,,,,,,,,,,,,,,,,B3 BRICK
-1000042036805111354,2025-07-10,1,0,0,0,0,0,0,0,0,SINGLE BANNER/VERTICAL,1,1,B3,B3 BRICK,STAYED,2025-07-10,,,,,,,,,,,,,,,,,,,,,,,,,B3 BRICK
-100004222874080954,2024-11-01,1,0,0,0,0,0,0,0,0,SINGLE BANNER/VERTICAL,1,1,B3,B3 BRICK,STAYED,2024-11-01,,,,,,,,,,,,,,,,,,,,,,,,,B3 BRICK
-1000042509983556732,2025-08-09,0,0,0,0,0,0,0,1,1,SINGLE BANNER/VERTICAL,2,1,W2,W2 EA,W2 OD,2024-05-19,W2 OD,STAYED,2024-08-26,,,,,,,,,,,,,,,,,,,,,,"W2 EA, W2 OD"
-1000042536802953978,2025-08-09,1,0,0,0,0,0,0,0,0,SINGLE BANNER/VERTICAL,1,1,B3,B3 BRICK,STAYED,2025-05-12,,,,,,,,,,,,,,,,,,,,,,,,,B3 BRICK
-1000042935819831546,2025-07-12,1,0,0,0,0,0,0,0,0,SINGLE BANNER/VERTICAL,1,1,B3,B3 BRICK,STAYED,2025-02-21,,,,,,,,,,,,,,,,,,,,,,,,,B3 BRICK
-1000043136316739578,2025-07-10,1,0,0,0,0,0,0,0,0,SINGLE BANNER/VERTICAL,1,1,B3,B3 BRICK,STAYED,2025-07-10,,,,,,,,,,,,,,,,,,,,,,,,,B3 BRICK
-100004360931968954,2025-05-10,1,0,0,0,0,0,0,0,0,SINGLE BANNER/VERTICAL,1,1,B3,B3 BRICK,STAYED,2025-05-10,,,,,,,,,,,,,,,,,,,,,,,,,B3 BRICK
-1000043636314582202,2025-05-12,1,0,0,0,0,0,0,0,0,SINGLE BANNER/VERTICAL,1,1,B3,B3 BRICK,STAYED,2025-05-12,,,,,,,,,,,,,,,,,,,,,,,,,B3 BRICK
-1000043852344616890,2025-05-09,1,0,0,0,0,0,0,0,0,SINGLE BANNER/VERTICAL,1,1,B3,B3 BRICK,STAYED,2025-05-09,,,,,,,,,,,,,,,,,,,,,,,,,B3 BRICK
-1000044035331459770,2025-02-21,1,0,0,0,0,0,0,0,0,SINGLE BANNER/VERTICAL,1,1,B3,B3 BRICK,STAYED,2025-02-21,,,,,,,,,,,,,,,,,,,,,,,,,B3 BRICK
-1000044559293522683,2025-07-24,0,0,0,1,0,0,1,0,0,MULTI BANNER/VERTICAL,2,2,CASHI > W2,CASHI,W2 BRICK,2025-07-24,W2 BRICK,STAYED,2025-07-24,,,,,,,,,,,,,,,,,,,,,,"CASHI, W2 BRICK"
-1000044713062720315,2025-07-31,0,0,0,1,0,0,1,0,0,MULTI BANNER/VERTICAL,2,2,CASHI > W2,CASHI,W2 BRICK,2025-07-31,W2 BRICK,STAYED,2025-07-31,,,,,,,,,,,,,,,,,,,,,,"CASHI, W2 BRICK"
-1000044735826210362,2025-05-12,1,0,0,0,0,0,0,0,0,SINGLE BANNER/VERTICAL,1,1,B3,B3 BRICK,STAYED,2025-05-12,,,,,,,,,,,,,,,,,,,,,,,,,B3 BRICK
-1000045132973948284,2025-06-22,0,0,0,0,0,0,0,0,1,SINGLE BANNER/VERTICAL,1,1,W2,W2 OD,STAYED,2025-06-22,,,,,,,,,,,,,,,,,,,,,,,,,W2 OD
-1000045134843087930,2025-02-21,1,0,0,0,0,0,0,0,0,SINGLE BANNER/VERTICAL,1,1,B3,B3 BRICK,STAYED,2025-02-21,,,,,,,,,,,,,,,,,,,,,,,,,B3 BRICK
-1000045263209552251,2024-11-03,0,0,0,1,0,0,1,0,0,MULTI BANNER/VERTICAL,2,2,W2 > CASHI,W2 BRICK,CASHI,2023-11-09,CASHI,STAYED,2023-11-09,,,,,,,,,,,,,,,,,,,,,,"CASHI, W2 BRICK"
-100004546632459962,2025-07-27,1,0,0,0,0,0,0,0,0,SINGLE BANNER/VERTICAL,1,1,B3,B3 BRICK,STAYED,2025-06-24,,,,,,,,,,,,,,,,,,,,,,,,,B3 BRICK
-1000045670949717050,2025-07-06,1,0,0,0,0,0,0,0,0,SINGLE BANNER/VERTICAL,1,1,B3,B3 BRICK,STAYED,2024-09-26,,,,,,,,,,,,,,,,,,,,,,,,,B3 BRICK
-1000045757103147135,2024-11-18,0,0,0,0,1,0,0,0,0,SINGLE BANNER/VERTICAL,1,1,SAMS,SAMS BRICK,STAYED,2024-11-18,,,,,,,,,,,,,,,,,,,,,,,,,SAMS BRICK
-1000045835337838586,2025-05-12,0,0,0,0,0,0,1,0,0,SINGLE BANNER/VERTICAL,1,1,W2,W2 BRICK,STAYED,2025-05-12,,,,,,,,,,,,,,,,,,,,,,,,,W2 BRICK
-100004604036134650,2024-12-11,0,0,0,0,0,0,1,0,0,SINGLE BANNER/VERTICAL,1,1,W2,W2 BRICK,STAYED,2024-06-12,,,,,,,,,,,,,,,,,,,,,,,,,W2 BRICK
-1000046224238805119,2025-03-15,0,0,0,0,1,0,0,0,0,SINGLE BANNER/VERTICAL,1,1,SAMS,SAMS BRICK,STAYED,2022-12-16,,,,,,,,,,,,,,,,,,,,,,,,,SAMS BRICK
-1000046234354716154,2025-04-01,1,0,0,0,0,0,1,0,0,MULTI BANNER/VERTICAL,2,2,B3 > W2,B3 BRICK,W2 BRICK,2025-02-21,W2 BRICK,STAYED,2025-04-01,,,,,,,,,,,,,,,,,,,,,,"B3 BRICK, W2 BRICK"
-1000046293294429754,2025-07-29,1,0,0,0,0,0,0,0,0,SINGLE BANNER/VERTICAL,1,1,B3,B3 BRICK,STAYED,2024-12-09,,,,,,,,,,,,,,,,,,,,,,,,,B3 BRICK
-1000046770461345274,2025-07-28,1,0,0,0,0,0,0,0,0,SINGLE BANNER/VERTICAL,1,1,B3,B3 BRICK,STAYED,2024-09-26,,,,,,,,,,,,,,,,,,,,,,,,,B3 BRICK
-1000046831243435514,2025-06-30,0,0,0,0,0,0,1,0,0,SINGLE BANNER/VERTICAL,1,1,W2,W2 BRICK,STAYED,2025-06-30,,,,,,,,,,,,,,,,,,,,,,,,,W2 BRICK
-1000047392806057978,2024-12-09,1,0,0,0,0,0,0,0,0,SINGLE BANNER/VERTICAL,1,1,B3,B3 BRICK,STAYED,2024-12-09,,,,,,,,,,,,,,,,,,,,,,,,,B3 BRICK
-1000047782878217535,2025-08-09,0,0,0,0,1,0,0,0,0,SINGLE BANNER/VERTICAL,1,1,SAMS,SAMS BRICK,STAYED,2021-01-05,,,,,,,,,,,,,,,,,,,,,,,,,SAMS BRICK
-1000047785962317882,2025-06-27,1,0,0,0,0,0,0,0,0,SINGLE BANNER/VERTICAL,1,1,B3,B3 BRICK,STAYED,2025-06-27,,,,,,,,,,,,,,,,,,,,,,,,,B3 BRICK
-1000047869972973498,2024-09-26,0,0,0,0,0,0,1,0,0,SINGLE BANNER/VERTICAL,1,1,W2,W2 BRICK,STAYED,2024-09-26,,,,,,,,,,,,,,,,,,,,,,,,,W2 BRICK
-1000048160004396859,2024-06-03,0,0,0,1,0,0,0,1,0,MULTI BANNER/VERTICAL,2,2,W2 > CASHI,W2 EA,CASHI,2024-06-03,CASHI,STAYED,2024-06-03,,,,,,,,,,,,,,,,,,,,,,"CASHI, W2 EA"
-1000048315881674815,2025-08-03,0,0,0,0,1,1,0,0,0,SINGLE BANNER/VERTICAL,2,1,SAMS,SAMS OD,SAMS BRICK,2019-05-27,SAMS BRICK,STAYED,2021-03-30,,,,,,,,,,,,,,,,,,,,,,"SAMS BRICK, SAMS OD"
-1000048492317686202,2025-08-03,1,0,0,0,0,0,0,0,0,SINGLE BANNER/VERTICAL,1,1,B3,B3 BRICK,STAYED,2024-12-09,,,,,,,,,,,,,,,,,,,,,,,,,B3 BRICK
-1000048633874880634,2025-07-10,1,0,0,0,0,0,0,0,0,SINGLE BANNER/VERTICAL,1,1,B3,B3 BRICK,STAYED,2025-07-10,,,,,,,,,,,,,,,,,,,,,,,,,B3 BRICK
-1000048885473946106,2025-06-27,1,0,0,0,0,0,0,0,0,SINGLE BANNER/VERTICAL,1,1,B3,B3 BRICK,STAYED,2025-06-27,,,,,,,,,,,,,,,,,,,,,,,,,B3 BRICK
-1000049029130520700,2025-08-08,1,0,1,0,0,0,1,0,0,MULTI BANNER/VERTICAL,3,2,B3 > W2,B3 OD,B3 BRICK,2024-05-01,B3 BRICK,W2 BRICK,2024-06-13,W2 BRICK,STAYED,2025-05-28,,,,,,,,,,,,,,,,,,,"B3 BRICK, B3 OD, W2 BRICK"
-1000049059553298874,2025-05-25,1,0,0,0,0,0,1,0,0,MULTI BANNER/VERTICAL,2,2,B3 > W2,B3 BRICK,W2 BRICK,2025-05-19,W2 BRICK,STAYED,2025-05-25,,,,,,,,,,,,,,,,,,,,,,"B3 BRICK, W2 BRICK"
-100004940470747514,2025-05-06,0,0,0,0,0,0,1,0,0,SINGLE BANNER/VERTICAL,1,1,W2,W2 BRICK,STAYED,2025-02-01,,,,,,,,,,,,,,,,,,,,,,,,,W2 BRICK
-1000049591829314362,2024-12-09,0,0,0,0,0,0,1,0,0,SINGLE BANNER/VERTICAL,1,1,W2,W2 BRICK,STAYED,2024-12-09,,,,,,,,,,,,,,,,,,,,,,,,,W2 BRICK
-1000049632819029626,2025-05-08,1,0,0,0,0,0,0,0,0,SINGLE BANNER/VERTICAL,1,1,B3,B3 BRICK,STAYED,2024-08-06,,,,,,,,,,,,,,,,,,,,,,,,,B3 BRICK
-1000049933559231419,2024-05-03,0,0,0,1,0,0,1,0,0,MULTI BANNER/VERTICAL,2,2,W2 > CASHI,W2 BRICK,CASHI,2024-04-21,CASHI,STAYED,2024-04-21,,,,,,,,,,,,,,,,,,,,,,"CASHI, W2 BRICK"
-1000050106962148731,2025-05-26,1,0,0,1,0,0,1,0,0,MULTI BANNER/VERTICAL,3,3,W2 > CASHI > B3,CASHI,W2 BRICK,2023-11-12,W2 BRICK,B3 BRICK,2023-11-12,B3 BRICK,STAYED,2025-05-26,,,,,,,,,,,,,,,,,,,"B3 BRICK, CASHI, W2 BRICK"
-1000050159064927098,2025-08-11,0,0,0,0,0,0,1,0,0,SINGLE BANNER/VERTICAL,1,1,W2,W2 BRICK,STAYED,2025-05-19,,,,,,,,,,,,,,,,,,,,,,,,,W2 BRICK
-1000050252112863100,2024-01-28,0,0,0,0,1,0,0,0,0,SINGLE BANNER/VERTICAL,1,1,SAMS,SAMS BRICK,STAYED,2022-04-15,,,,,,,,,,,,,,,,,,,,,,,,,SAMS BRICK
-1000050691340942586,2025-01-27,1,0,0,0,0,0,0,0,0,SINGLE BANNER/VERTICAL,1,1,B3,B3 BRICK,STAYED,2025-01-27,,,,,,,,,,,,,,,,,,,,,,,,,B3 BRICK
-1000050732330657786,2025-08-08,1,0,0,0,0,0,1,0,0,MULTI BANNER/VERTICAL,2,2,W2 > B3,W2 BRICK,B3 BRICK,2024-06-28,B3 BRICK,STAYED,2024-08-19,,,,,,,,,,,,,,,,,,,,,,"B3 BRICK, W2 BRICK"
-1000051168507858106,2025-08-06,1,0,0,0,0,0,1,0,0,MULTI BANNER/VERTICAL,2,2,B3 > W2,B3 BRICK,W2 BRICK,2024-09-26,W2 BRICK,STAYED,2024-12-10,,,,,,,,,,,,,,,,,,,,,,"B3 BRICK, W2 BRICK"
-1000051258576555322,2025-05-19,1,0,0,0,0,0,0,0,0,SINGLE BANNER/VERTICAL,1,1,B3,B3 BRICK,STAYED,2025-05-19,,,,,,,,,,,,,,,,,,,,,,,,,B3 BRICK
-1000051291531908095,2024-08-08,0,0,0,0,1,0,0,0,0,SINGLE BANNER/VERTICAL,1,1,SAMS,SAMS BRICK,STAYED,2024-08-08,,,,,,,,,,,,,,,,,,,,,,,,,SAMS BRICK
-1000051831842286010,2025-03-19,1,0,0,0,0,0,1,0,0,MULTI BANNER/VERTICAL,2,2,W2 > B3,W2 BRICK,B3 BRICK,2024-06-28,B3 BRICK,STAYED,2025-03-11,,,,,,,,,,,,,,,,,,,,,,"B3 BRICK, W2 BRICK"
-1000052223336018108,2025-08-03,1,0,0,0,0,0,1,0,0,MULTI BANNER/VERTICAL,2,2,B3 > W2,B3 BRICK,W2 BRICK,2024-07-20,W2 BRICK,STAYED,2025-02-19,,,,,,,,,,,,,,,,,,,,,,"B3 BRICK, W2 BRICK"
-1000052268019486330,2024-09-26,1,0,0,0,0,0,0,0,0,SINGLE BANNER/VERTICAL,1,1,B3,B3 BRICK,STAYED,2024-09-26,,,,,,,,,,,,,,,,,,,,,,,,,B3 BRICK
-1000052358088183482,2025-06-19,1,0,0,0,0,0,0,0,0,SINGLE BANNER/VERTICAL,1,1,B3,B3 BRICK,STAYED,2025-05-19,,,,,,,,,,,,,,,,,,,,,,,,,B3 BRICK
-1000052468635422010,2025-01-23,1,0,0,0,0,0,0,0,0,SINGLE BANNER/VERTICAL,1,1,B3,B3 BRICK,STAYED,2025-01-23,,,,,,,,,,,,,,,,,,,,,,,,,B3 BRICK
-100005250819885050,2025-06-04,1,0,0,0,0,0,0,0,0,SINGLE BANNER/VERTICAL,1,1,B3,B3 BRICK,STAYED,2024-12-30,,,,,,,,,,,,,,,,,,,,,,,,,B3 BRICK
-1000052629458647996,2025-05-18,1,0,0,0,0,0,0,0,0,SINGLE BANNER/VERTICAL,1,1,B3,B3 BRICK,STAYED,2024-07-29,,,,,,,,,,,,,,,,,,,,,,,,,B3 BRICK
-1000052648437642554,2025-05-09,1,0,0,0,0,0,0,0,0,SINGLE BANNER/VERTICAL,1,1,B3,B3 BRICK,STAYED,2025-05-09,,,,,,,,,,,,,,,,,,,,,,,,,B3 BRICK
-1000052890364199034,2025-08-04,1,0,0,0,0,0,0,0,0,SINGLE BANNER/VERTICAL,1,1,B3,B3 BRICK,STAYED,2024-12-09,,,,,,,,,,,,,,,,,,,,,,,,,B3 BRICK
-1000052931353914234,2025-08-04,1,0,0,0,0,0,1,0,0,MULTI BANNER/VERTICAL,2,2,W2 > B3,W2 BRICK,B3 BRICK,2024-06-28,B3 BRICK,STAYED,2025-03-23,,,,,,,,,,,,,,,,,,,,,,"B3 BRICK, W2 BRICK"